id;title;description;availability;condition;price;link;image_link;brand;google_product_category
1001;Pan de Semillas Plutarco;"Nuestro producto estrella. Elaborado a base de harina 100% integral organica, mix de semillas y masa madre.
PRODUCTO VEGANO";in stock;new;5450.00 ARS;https://plutarcoalmacen.com.ar/;https://plutarcoalmacen.com.ar/media/PRODUCTOS/PLUT0007.jpg;;Panificados Integrales
1002;Cortezas 250g envasadas Plutarco;"Galletas super crocantes saladas.
Elaborada con Harina 100% integral, masa madre y aceite de oliva. Perfectas para Dipear. 
PRODUCTO VEGANO";in stock;new;5250.00 ARS;https://plutarcoalmacen.com.ar/;https://plutarcoalmacen.com.ar/media/PRODUCTOS/PLUT0021.jpg;;Panificados Integrales
1003;Pan de oliva y sal marina Plutarco;"Pan Artesanal elaborado a base de harina 100% integral organica, aceite de oliva organico y sal marina.
PRODUCTO VEGANO";in stock;new;5670.00 ARS;https://plutarcoalmacen.com.ar/;https://plutarcoalmacen.com.ar/media/PRODUCTOS/PLUT0008.jpg;;Panificados Integrales
1004;Pan de arroz yamani Plutarco;"Pan Artesanal elaborado a base de Arroz Yamani, feculas y aceite de oliva organico. 
Libre de gluten (contiene contaminacion cruzada)
PRODUCTO VEGANO ";in stock;new;5900.00 ARS;https://plutarcoalmacen.com.ar/;https://plutarcoalmacen.com.ar/media/PRODUCTOS/PLUT0006.jpg;;Panificados Integrales
1005;Budin VEGANO Plutarco;"Sabor del Dia. Budin 100% integral, organico y vegano. 
A base de Azucar rubia organica, aceite de girasol y lino.";in stock;new;6950.00 ARS;https://plutarcoalmacen.com.ar/;https://plutarcoalmacen.com.ar/media/PRODUCTOS/PLUT0001.jpg;;Panificados Integrales
1006;Pepas Plutarco 200 gr;"Esponjosa pepa elaborada artesanalmente con Membrillo organico, harina integral y azucar mascabo.
PRODUCTO VEGANO";in stock;new;3320.00 ARS;https://plutarcoalmacen.com.ar/;https://plutarcoalmacen.com.ar/media/PRODUCTOS/PLUT0013.jpg;;Panificados Integrales
1007;Pepitos con chips Plutarco 200 gr;"Esponjosa pepa elaborada artesanalmente con chips de chocolate semiamargo, harina integral y azucar mascabo.
PRODUCTO VEGANO";in stock;new;3320.00 ARS;https://plutarcoalmacen.com.ar/;https://plutarcoalmacen.com.ar/media/PRODUCTOS/PLUT0050.jpg;;Panificados Integrales
1008;Galleton dulce frutos secos VEGANO Plutarco;"Galleta grande con frutos secos. 
PRODUCTO VEGANO
A base de harina 100% integral, frutos secos, semillas y azucar mascabo.";in stock;new;3100.00 ARS;https://plutarcoalmacen.com.ar/;https://plutarcoalmacen.com.ar/media/PRODUCTOS/PLUT0004.jpg;;Panificados Integrales
1009;Galleton dulce chips VEGANO Plutarco;"Galleta grande con chips de chocolate. 
A base de harina 100% integral, chips semi amargos, semillas y azucar mascabo.
PRODUCTO VEGANO";in stock;new;3100.00 ARS;https://plutarcoalmacen.com.ar/;https://plutarcoalmacen.com.ar/media/PRODUCTOS/PLUT0051.jpg;;Panificados Integrales
1010;Galleton dulce membrillo VEGANO Plutarco;"Galleta grande con membrillo organico. 
A base de harina 100% integral, membrillo organico, semillas y azucar mascabo.
PRODUCTO VEGANO";in stock;new;3100.00 ARS;https://plutarcoalmacen.com.ar/;https://plutarcoalmacen.com.ar/media/PRODUCTOS/PLUT0052.jpg;;Panificados Integrales
1011;Cortezas 500g envasadas Plutarco;"Galletas super crocantes saladas.
Elaborada con Harina 100% integral, masa madre y aceite de oliva. Perfectas para Dipear. 
PRODUCTO VEGANO";in stock;new;10500.00 ARS;https://plutarcoalmacen.com.ar/;https://plutarcoalmacen.com.ar/media/PRODUCTOS/PLUT0020.jpg;;Panificados Integrales
1012;Pan de Sarraceno Plutarco;"Pan Artesanal elaborado a base de masa madre de harina de sarraceno, psyllium y sal marina. 
Libre de gluten (contiene contaminacion cruzada)
PRODUCTO VEGANO ";in stock;new;7600.00 ARS;https://plutarcoalmacen.com.ar/;https://plutarcoalmacen.com.ar/media/PRODUCTOS/PLUT0010.jpg;;Panificados Integrales
1013;Chapati (pan para sandwich) Plutarco;Pan chapati Integral y Organico ocn semillas, ideal para hacer wraps o sandwiches, suave y versátil.;in stock;new;1100.00 ARS;https://plutarcoalmacen.com.ar/;https://plutarcoalmacen.com.ar/media/PRODUCTOS/PLUT0002.jpg;;Panificados Integrales
1014;Pre-pizza integral Plutarco;"Elaborado a base de harina 100% integral organica, mix de semillas y masa madre.
PRODUCTO VEGANO";in stock;new;2570.00 ARS;https://plutarcoalmacen.com.ar/;https://plutarcoalmacen.com.ar/media/PRODUCTOS/PLUT0014.jpg;;Panificados Integrales
1015;Pre-pizza de arroz Plutarco;"Pre-pizza elaborada a base de Arroz Yamani, feculas y aceite de oliva organico. 
Libre de gluten  (contiene contaminacion cruzada)
PRODUCTO VEGANO";in stock;new;3320.00 ARS;https://plutarcoalmacen.com.ar/;https://plutarcoalmacen.com.ar/media/PRODUCTOS/PLUT0015.jpg;;Panificados Integrales
1016;Pan de centeno Plutarco;"Pan Artesanal elaborado a base de harina 100% centeno, aceite de oliva organico y sal marina.
PRODUCTO VEGANO";in stock;new;5670.00 ARS;https://plutarcoalmacen.com.ar/;https://plutarcoalmacen.com.ar/media/PRODUCTOS/PLUT0009.jpg;;Panificados Integrales
1017;Torta Galesa Plutarco;"Torta galesa super humeda, sabrosa y contundente
Elaborada a base de harina 100% integral, cacao, mix de especias y nueces.
PRODUCTO VEGANO";in stock;new;9500.00 ARS;https://plutarcoalmacen.com.ar/;https://plutarcoalmacen.com.ar/media/PRODUCTOS/PLUT0016.jpg;;Panificados Integrales
1018;Cortezas 100g envasadas Plutarco;"Galletas super crocantes saladas.
Elaborada con Harina 100% integral, masa madre y aceite de oliva. Perfectas para Dipear. 
PRODUCTO VEGANO";in stock;new;5250.00 ARS;https://plutarcoalmacen.com.ar/;https://plutarcoalmacen.com.ar/media/PRODUCTOS/PLUT0017.jpg;;Panificados Integrales
1019;Cortezas x kg Plutarco;"Galletas super crocantes saladas.
Elaborada con Harina 100% integral, masa madre y aceite de oliva. Perfectas para Dipear. 
PRODUCTO VEGANO";in stock;new;20500.00 ARS;https://plutarcoalmacen.com.ar/;https://plutarcoalmacen.com.ar/media/PRODUCTOS/PLUT0003.jpg;;Panificados Integrales
1020;1/2 Pan de Sarraceno;"Medio Pan Artesanal elaborado a base de masa madre de harina de sarraceno, psyllium y sal marina. 
Libre de gluten (contiene contaminacion cruzada)
PRODUCTO VEGANO ";in stock;new;3800.00 ARS;https://plutarcoalmacen.com.ar/;https://plutarcoalmacen.com.ar/media/PRODUCTOS/PLUT0061.jpg;;Panificados Integrales
1021;Granola x kg Plutarco;"Granola elaborada artesanalmente, crocante y sabrosa. 
Elaborada a base de avena, semillas, frutos secos, pasas de uva y azucar mascabo.
PRODUCTO VEGANO
";in stock;new;20500.00 ARS;https://plutarcoalmacen.com.ar/;https://plutarcoalmacen.com.ar/media/PRODUCTOS/PLUT0005.jpg;;Panificados Integrales
1022;Cortezas 250g eneldo y cebolla envasadas;"""Galletas super crocantes saladas.
Elaborada con Harina 100% integral, masa madre y aceite de oliva. Perfectas para Dipear. 
PRODUCTO VEGANO""
";in stock;new;2450.00 ARS;https://plutarcoalmacen.com.ar/;https://plutarcoalmacen.com.ar/media/PRODUCTOS/PLUT0053.jpg;;Panificados Integrales
1023;Pan Vollkorn Plutarco;PROXIMAMENTE EN STOCK;in stock;new;6200.00 ARS;https://plutarcoalmacen.com.ar/;https://plutarcoalmacen.com.ar/media/PRODUCTOS/PLUT0060.jpg;;Panificados Integrales
1024;Pan integral SIN SAL;"Elaborado a base de harina 100% integral organica, mix de semillas y masa madre. No contiene sal de ningun tipo.
PRODUCTO VEGANO";in stock;new;5450.00 ARS;https://plutarcoalmacen.com.ar/;https://plutarcoalmacen.com.ar/media/PRODUCTOS/PLUT0062.jpg;;Panificados Integrales
1025;Maple de Huevos COECO;Huevos de campo 100% agroecologicos.;in stock;new;15800.00 ARS;https://plutarcoalmacen.com.ar/;https://plutarcoalmacen.com.ar/media/PRODUCTOS/724751092861.jpg;;Organicos
1026;½ Docena huevos COECO;Huevos de campo 100% agroecologicos;in stock;new;4700.00 ARS;https://plutarcoalmacen.com.ar/;https://plutarcoalmacen.com.ar/media/PRODUCTOS/724751092854.jpg;;Organicos
1027;Harina Integral Brotes extrafina 1 kg;Harina integral extrafina, rica en fibra y nutrientes, perfecta para hacer panes y pasteles saludables.;in stock;new;5500.00 ARS;https://plutarcoalmacen.com.ar/;https://plutarcoalmacen.com.ar/media/PRODUCTOS/721450737130.jpg;;Organicos
1028;Azucar mascabo 500 gr ECOSUCRE;Azúcar mascabo, ideal para endulzar bebidas y postres, con un sabor único.;in stock;new;2210.00 ARS;https://plutarcoalmacen.com.ar/;https://plutarcoalmacen.com.ar/media/PRODUCTOS/ECOSUCRE0001.jpg;;Organicos
1029;Azucar Rubia Organica SAN ISIDRO 1kg PLUT;Azúcar rubia orgánica, perfecta para endulzar postres y bebidas, con un sabor más profundo que el azúcar blanco.;in stock;new;4210.00 ARS;https://plutarcoalmacen.com.ar/;https://plutarcoalmacen.com.ar/media/PRODUCTOS/036223.jpg;;Organicos
1030;Azucar mascabo 500 gr BALAJU;Azúcar mascabo, un endulzante natural sin refinar, con un sabor profundo y caramelizado.;in stock;new;2630.00 ARS;https://plutarcoalmacen.com.ar/;https://plutarcoalmacen.com.ar/media/PRODUCTOS/4497791312000330.jpg;;Organicos
1031;Azucar organica 1 kg Dicomere;Azúcar orgánica, cultivada sin pesticidas, ideal para una alimentación saludable.;in stock;new;6140.00 ARS;https://plutarcoalmacen.com.ar/;https://plutarcoalmacen.com.ar/media/PRODUCTOS/7793323004260.jpg;;Organicos
1032;Harina blanca 000 fuerza organica BROTES 500g;Harina blanca orgánica de fuerza 000, ideal para panadería y repostería, con un alto contenido de gluten.;in stock;new;4150.00 ARS;https://plutarcoalmacen.com.ar/;https://plutarcoalmacen.com.ar/media/PRODUCTOS/714604346371.jpg;;Organicos
1033;Milanesas de soja organica Semilla Amarilla;Milanesas de soja orgánica, una alternativa vegetal rica en proteínas, perfectas para frituras o al horno.;in stock;new;8000.00 ARS;https://plutarcoalmacen.com.ar/;https://plutarcoalmacen.com.ar/media/PRODUCTOS/MilSojaSAm.jpg;;Congelados
1034;6 EMPANADAS de queso Veganas Congeladas VARDO RE EVOLUCION;"Los sabores son:
2 de queso de girasol y cebolla
2 de queso de girasol y hongos
2 de queso de girasol y aceitunas especiadas";in stock;new;15900.00 ARS;https://plutarcoalmacen.com.ar/;https://plutarcoalmacen.com.ar/media/PRODUCTOS/12112233.jpg;;Congelados
1035;6 EMPANADAS Veganas Congeladas DAFNE;"Masa integral organica.
Sabores surtidos, pueden ser:
puerro, cebolla y paparella
choclo, cebolla, zanahoria con  paparella de batata
calabaza, cebolla caramelizada y tomates secos
lentejas, cebolla,morron, verdeo y zanahoria con pimentón ahumado 
garbanzo, cebollita al curry, tomate cherry y albahaca 
berenjena asada, cebolla y morron
brocoli, Puerro, cebolla y calabaza
";in stock;new;15900.00 ARS;https://plutarcoalmacen.com.ar/;https://plutarcoalmacen.com.ar/media/PRODUCTOS/1242121.jpg;;Congelados
1036;8 EMPANADAS Veganas Congeladas VARDO RE EVOLUCION;"Paquete de 8 empanadas surtidas veganas.
Sabores: queso de girasol y cebolla, queso de girasol y hongos, queso de girasol y aceitunas especiadas, soja, soja al malbec, seitan, seitan picante y tofu salteado al curry.";in stock;new;21200.00 ARS;https://plutarcoalmacen.com.ar/;https://plutarcoalmacen.com.ar/media/PRODUCTOS/15251525.jpg;;Congelados
1037;Hamburguesas Funger;Hamburguesas de Hongos VEGANAS;in stock;new;10400.00 ARS;https://plutarcoalmacen.com.ar/;https://plutarcoalmacen.com.ar/media/PRODUCTOS/FUNGER0001.jpg;;Congelados
1038;TOQUES GARBANZOS CASA VEGANA x420g;"Toques de Garbanzos marca CASA VEGANA
Veganos y Muy Nutritivos.";in stock;new;5780.00 ARS;https://plutarcoalmacen.com.ar/;https://plutarcoalmacen.com.ar/media/PRODUCTOS/0720665957210.jpg;;Congelados
1039;Ghee Vaca Yogui 220 gr Manteca clarificada;Manteca clarificada, ideal para cocinar a altas temperaturas, con un sabor rico y mantecoso.;in stock;new;7300.00 ARS;https://plutarcoalmacen.com.ar/;https://plutarcoalmacen.com.ar/media/PRODUCTOS/781159036163.jpg;;Aceites y Conservas
1040;Ghee Vaca Yogui 350 gr Manteca clarificada;Manteca clarificada, ideal para cocinar a altas temperaturas, con un sabor rico y mantecoso.;in stock;new;10000.00 ARS;https://plutarcoalmacen.com.ar/;https://plutarcoalmacen.com.ar/media/PRODUCTOS/781159036170.jpg;;Aceites y Conservas
1041;Aceite oliva organico El Renuevo 500 cc;Aceite de oliva orgánico de alta calidad, perfecto para realzar el sabor de tus platos.;in stock;new;12000.00 ARS;https://plutarcoalmacen.com.ar/;https://plutarcoalmacen.com.ar/media/PRODUCTOS/7793104000191.jpg;;Aceites y Conservas
1042;Aceite oliva organico Maelca 500cc;Aceite de oliva orgánico, ideal para cocinar o como aderezo, con un sabor suave y natural.;in stock;new;13200.00 ARS;https://plutarcoalmacen.com.ar/;https://plutarcoalmacen.com.ar/media/PRODUCTOS/7798241870102.jpg;;Aceites y Conservas
1043;Aceite de oliva extra virgen San Nicolas 500ml;Aceite de oliva de primera prensada en frío, con un sabor afrutado y un alto contenido de antioxidantes, perfecto para ensaladas y platos gourmet.;in stock;new;18000.00 ARS;https://plutarcoalmacen.com.ar/;https://plutarcoalmacen.com.ar/media/PRODUCTOS/7791045512018.jpg;;Aceites y Conservas
1044;Tomate triturado SAPIENZA 1Lt;Tomate 100%  triturado natural, ideal para salsas y guisos, con un sabor fresco y natural.;in stock;new;5300.00 ARS;https://plutarcoalmacen.com.ar/;https://plutarcoalmacen.com.ar/media/PRODUCTOS/7788465825354.jpg;;Aceites y Conservas
1045;Aceitunas El Renuevo negras 225 gr;Aceitunas negras ORGÁNICAS, con un sabor intenso y salado, perfectas como aperitivo o en ensaladas.;in stock;new;5760.00 ARS;https://plutarcoalmacen.com.ar/;https://plutarcoalmacen.com.ar/media/PRODUCTOS/7798154951455.jpg;;Aceites y Conservas
1046;Vinagre Oh Yeah It´s Vegan 500ml;Vinagre vegano en mayor cantidad, perfecto para quienes buscan un aderezo saludable y natural.;in stock;new;13950.00 ARS;https://plutarcoalmacen.com.ar/;https://plutarcoalmacen.com.ar/media/PRODUCTOS/946583215647.jpg;;Aceites y Conservas
1047;Aceite oliva organico El Renuevo 2 lt;Aceite de oliva orgánico, de sabor intenso y afrutado, ideal para cocinar o como aderezo en ensaladas.;in stock;new;27000.00 ARS;https://plutarcoalmacen.com.ar/;https://plutarcoalmacen.com.ar/media/PRODUCTOS/000132.jpg;;Aceites y Conservas
1048;Aceite de Girasol alto oleico DICOMERE 500ml;Aceite de girasol con alto contenido de ácidos grasos monoinsaturados, perfecto para cocinar a altas temperaturas y freír.;in stock;new;6500.00 ARS;https://plutarcoalmacen.com.ar/;https://plutarcoalmacen.com.ar/media/PRODUCTOS/7793323024763.jpg;;Aceites y Conservas
1049;Aceite lino Solazteca 150 cc;Aceite extraído de semillas de lino, rico en omega-3 y fibra, ideal para añadir a batidos o como aderezo.;in stock;new;5000.00 ARS;https://plutarcoalmacen.com.ar/;https://plutarcoalmacen.com.ar/media/PRODUCTOS/7795513155622.jpg;;Aceites y Conservas
1050;Aceite de Girasol Estancia el cencerro 500ml;Aceite de girasol puro, ideal para frituras y aderezos, con un sabor ligero y saludable.;in stock;new;8000.00 ARS;https://plutarcoalmacen.com.ar/;https://plutarcoalmacen.com.ar/media/PRODUCTOS/7798418340018.jpg;;Aceites y Conservas
1051;Vinagre Oh Yeah It´s Vegan 250ml;Vinagre vegano, ideal para aderezar ensaladas y dar un toque ácido a tus platos.;in stock;new;7680.00 ARS;https://plutarcoalmacen.com.ar/;https://plutarcoalmacen.com.ar/media/PRODUCTOS/9465832156492.jpg;;Aceites y Conservas
1052;Aceite sesamo Solazteca 150 cc;Aceite extraído de semillas de sésamo, con un sabor distintivo, ideal para aderezos y platos asiáticos.;in stock;new;5200.00 ARS;https://plutarcoalmacen.com.ar/;https://plutarcoalmacen.com.ar/media/PRODUCTOS/7795513052952.jpg;;Aceites y Conservas
1053;Aceite chia Solazteca 150 cc;Aceite extraído de semillas de chía, rico en ácidos grasos omega-3 y antioxidantes, ideal para aderezar ensaladas o añadir a batidos.;in stock;new;6265.00 ARS;https://plutarcoalmacen.com.ar/;https://plutarcoalmacen.com.ar/media/PRODUCTOS/705105855448.jpg;;Aceites y Conservas
1054;Aceite de Girasol alto oleico Naturaleza Viva 1lt;Aceite de girasol alto oleico agroecológico, primera prensión en frio.;in stock;new;11000.00 ARS;https://plutarcoalmacen.com.ar/;https://plutarcoalmacen.com.ar/media/PRODUCTOS/000115.jpg;;Aceites y Conservas
1055;Salsa Tomates SAN NICOLAS 950 cc;Salsa de tomate ORGANICA, ideal para preparar pastas, guisos y pizzas, con un sabor casero.;in stock;new;7000.00 ARS;https://plutarcoalmacen.com.ar/;https://plutarcoalmacen.com.ar/media/PRODUCTOS/7791045511912.jpg;;Aceites y Conservas
1056;Aceitunas Verdes GIGANTES San Nicolas 250 gr;Aceitunas verdes gigantes ORGÁNICAS, saladas y sabrosas, ideales para picar.;in stock;new;5390.00 ARS;https://plutarcoalmacen.com.ar/;https://plutarcoalmacen.com.ar/media/PRODUCTOS/7791045112324.jpg;;Aceites y Conservas
1057;Vinagre de Sidra de Manzana 500ml BIORE / BIO NATURE;Vinagre de sidra de manzana en mayor cantidad, ideal para aderezos, marinados y como tónico natural.;in stock;new;13900.00 ARS;https://plutarcoalmacen.com.ar/;https://plutarcoalmacen.com.ar/media/PRODUCTOS/236262.jpg;;Aceites y Conservas
1058;Vinagre de Sidra de Manzana 250ml BIORE / BIO NATURE;Vinagre de sidra de manzana, ideal para aderezos y marinados, con propiedades digestivas.;in stock;new;11500.00 ARS;https://plutarcoalmacen.com.ar/;https://plutarcoalmacen.com.ar/media/PRODUCTOS/458448.jpg;;Aceites y Conservas
1059;Ciruelas 250g;;in stock;new;2900.00 ARS;https://plutarcoalmacen.com.ar/;https://plutarcoalmacen.com.ar/media/PRODUCTOS/000741.jpg;;Productos Sueltos
1060;Mix Frutos Secos 100grs;"Nuestra mejor selección de frutos secos, frescos y altamente nutritivos
Contiene pasas, nueces, almendras y caju.";in stock;new;1850.00 ARS;https://plutarcoalmacen.com.ar/;https://plutarcoalmacen.com.ar/media/PRODUCTOS/Granel13.jpg;;Productos Sueltos
1061;Nueces 100grs;Nueces naturales, ricas en grasas saludables y antioxidantes, perfectas como snack o en repostería.;in stock;new;2500.00 ARS;https://plutarcoalmacen.com.ar/;https://plutarcoalmacen.com.ar/media/PRODUCTOS/Granel14.jpg;;Productos Sueltos
1062;Almendras 100grs;Almendras naturales, ricas en proteínas y grasas saludables, perfectas como snack o para añadir a ensaladas.;in stock;new;2850.00 ARS;https://plutarcoalmacen.com.ar/;https://plutarcoalmacen.com.ar/media/PRODUCTOS/Granel0.jpg;;Productos Sueltos
1063;Datiles Medjool importados 100grs;Dátil medjool, importado primera calidad, super húmedo y fresco.;in stock;new;3600.00 ARS;https://plutarcoalmacen.com.ar/;https://plutarcoalmacen.com.ar/media/PRODUCTOS/Granel7.jpg;;Productos Sueltos
1064;Granola 100grs;"Granola elaborada artesanalmente, crocante y sabrosa. 
Elaborada a base de avena, semillas, frutos secos, pasas de uva y azucar mascabo.
PRODUCTO VEGANO ELABORADO ARTESANALMENTE
";in stock;new;1900.00 ARS;https://plutarcoalmacen.com.ar/;https://plutarcoalmacen.com.ar/media/PRODUCTOS/Granel9.jpg;;Productos Sueltos
1065;Cacao amargo en polvo 100g PLUTARCO;Cacao en polvo sin azúcar, ideal para repostería y bebidas, rico en antioxidantes.;in stock;new;2300.00 ARS;https://plutarcoalmacen.com.ar/;https://plutarcoalmacen.com.ar/media/PRODUCTOS/023721.jpg;;Productos Sueltos
1066;Chips chocolate 200g Plut;Chips de chocolate, perfectos para repostería o como snack dulce.;in stock;new;2250.00 ARS;https://plutarcoalmacen.com.ar/;https://plutarcoalmacen.com.ar/media/PRODUCTOS/112241.jpg;;Productos Sueltos
1067;Castañas de Caju 100grs;Castañas de cajú, un snack crujiente y nutritivo, ricas en grasas saludables y proteínas.;in stock;new;1950.00 ARS;https://plutarcoalmacen.com.ar/;https://plutarcoalmacen.com.ar/media/PRODUCTOS/Granel3.jpg;;Productos Sueltos
1068;Avellanas 100grs;Avellanas naturales, ricas en grasas saludables, ideales como snack o en repostería.;in stock;new;3300.00 ARS;https://plutarcoalmacen.com.ar/;https://plutarcoalmacen.com.ar/media/PRODUCTOS/Granel2.jpg;;Productos Sueltos
1069;Almendras con Chocolate 100grs;Almendras cubiertas de chocolate, un delicioso snack que combina el sabor dulce con la textura crujiente.;in stock;new;4200.00 ARS;https://plutarcoalmacen.com.ar/;https://plutarcoalmacen.com.ar/media/PRODUCTOS/Granel22.jpg;;Productos Sueltos
1070;Coco en Escamas 100grs;Escamas de coco, perfectas para repostería o como topping en yogures y ensaladas.;in stock;new;2000.00 ARS;https://plutarcoalmacen.com.ar/;https://plutarcoalmacen.com.ar/media/PRODUCTOS/Granel5.jpg;;Productos Sueltos
1071;Coco Rallado 100grs;Coco rallado, ideal para repostería y como ingrediente en postres tropicales.;in stock;new;1500.00 ARS;https://plutarcoalmacen.com.ar/;https://plutarcoalmacen.com.ar/media/PRODUCTOS/Granel4.jpg;;Productos Sueltos
1072;Girasol 100grs;Semillas de girasol, ricas en nutrientes, ideales como snack o para añadir a ensaladas y yogures.;in stock;new;390.00 ARS;https://plutarcoalmacen.com.ar/;https://plutarcoalmacen.com.ar/media/PRODUCTOS/Granel8.jpg;;Productos Sueltos
1073;Amapola 100grs;Semillas de amapola, utilizadas en repostería y como aderezo, con un sabor ligeramente a nuez.;in stock;new;1870.00 ARS;https://plutarcoalmacen.com.ar/;https://plutarcoalmacen.com.ar/media/PRODUCTOS/Granel1.jpg;;Productos Sueltos
1074;Aceitunas Verdes SUELTAS 100g;Aceitunas Organicas sueltas 100g, en pote de plastico. Muy sabrosas, primera calidad.;in stock;new;1500.00 ARS;https://plutarcoalmacen.com.ar/;https://plutarcoalmacen.com.ar/media/PRODUCTOS/151617.jpg;;Productos Sueltos
1075;Mani con Chocolate 100grs;Maní cubierto de chocolate, un snack dulce y crujiente, ideal para picar.;in stock;new;2900.00 ARS;https://plutarcoalmacen.com.ar/;https://plutarcoalmacen.com.ar/media/PRODUCTOS/Granel23.jpg;;Productos Sueltos
1076;Hongos Secos 100grs;Hongos deshidratados, ideales para añadir sabor a sopas, guisos y platos de pasta.;in stock;new;2950.00 ARS;https://plutarcoalmacen.com.ar/;https://plutarcoalmacen.com.ar/media/PRODUCTOS/Granel10.jpg;;Productos Sueltos
1077;Mani sin Sal 100grs;Maní natural, sin sal, ideal para quienes buscan un snack saludable y nutritivo.;in stock;new;780.00 ARS;https://plutarcoalmacen.com.ar/;https://plutarcoalmacen.com.ar/media/PRODUCTOS/Granel12.jpg;;Productos Sueltos
1078;Mani con Sal 100grs;Maní salado, un snack crujiente y sabroso, perfecto para picar entre comidas.;in stock;new;780.00 ARS;https://plutarcoalmacen.com.ar/;https://plutarcoalmacen.com.ar/media/PRODUCTOS/Granel11.jpg;;Productos Sueltos
1079;Mix de Semillas 100grs;Mezcla de semillas, rica en nutrientes, ideal para añadir a ensaladas, yogures o batidos.;in stock;new;700.00 ARS;https://plutarcoalmacen.com.ar/;https://plutarcoalmacen.com.ar/media/PRODUCTOS/Granel21.jpg;;Productos Sueltos
1080;Nuez Pecan 100grs;Nueces pecanas, con un sabor dulce y mantecoso, ideales para postres y ensaladas.;in stock;new;2800.00 ARS;https://plutarcoalmacen.com.ar/;https://plutarcoalmacen.com.ar/media/PRODUCTOS/Granel15.jpg;;Productos Sueltos
1081;Pasas de Uva 100grs;Pasas de uva, un snack dulce y nutritivo, perfectas para picar o añadir a cereales.;in stock;new;790.00 ARS;https://plutarcoalmacen.com.ar/;https://plutarcoalmacen.com.ar/media/PRODUCTOS/Granel16.jpg;;Productos Sueltos
1082;Pasas de Uva con Chocolate 100grs;Pasas cubiertas de chocolate, un delicioso snack que combina lo dulce con lo saludable.;in stock;new;2670.00 ARS;https://plutarcoalmacen.com.ar/;https://plutarcoalmacen.com.ar/media/PRODUCTOS/Granel24.jpg;;Productos Sueltos
1083;Semillas de Chia 100grs;Semillas de chía, ricas en omega-3 y fibra, perfectas para añadir a batidos y yogures.;in stock;new;700.00 ARS;https://plutarcoalmacen.com.ar/;https://plutarcoalmacen.com.ar/media/PRODUCTOS/Granel18.jpg;;Productos Sueltos
1084;Semillas de Lino 100grs;Semillas de lino, ricas en ácidos grasos omega-3, ideales para añadir a cereales y batidos.;in stock;new;400.00 ARS;https://plutarcoalmacen.com.ar/;https://plutarcoalmacen.com.ar/media/PRODUCTOS/Granel17.jpg;;Productos Sueltos
1085;Semillas de Sesamo 100grs;Semillas de sésamo, ricas en nutrientes, perfectas para añadir a ensaladas y repostería.;in stock;new;580.00 ARS;https://plutarcoalmacen.com.ar/;https://plutarcoalmacen.com.ar/media/PRODUCTOS/Granel19.jpg;;Productos Sueltos
1086;Semillas de Zapallo 100grs;Semillas de zapallo, ricas en proteínas y minerales, ideales como snack o en ensaladas.;in stock;new;1820.00 ARS;https://plutarcoalmacen.com.ar/;https://plutarcoalmacen.com.ar/media/PRODUCTOS/Granel20.jpg;;Productos Sueltos
1087;Tableta chocolate 70% colonial 150g suelto;Tableta de Chocolate amargo 70% primera calidad;in stock;new;7400.00 ARS;https://plutarcoalmacen.com.ar/;https://plutarcoalmacen.com.ar/media/PRODUCTOS/Colonial1.jpg;;Productos Sueltos
1088;Acondicionador Samu Cocoy romero;Un cabello fresco, más vital y manejable en pocos pasos, de la mano de Samú;in stock;new;6800.00 ARS;https://plutarcoalmacen.com.ar/;https://plutarcoalmacen.com.ar/media/PRODUCTOS/7795399902303.jpg;;Cosmetica natural
1089;Shampoo solido Samu 70 gr coco y bergamota;Shampoo para cabellos normales. A base de derivados de coco, contiene vitamina E. Es humectante, contiene antioxidantes y otorga un brillo especial al cabello.;in stock;new;6800.00 ARS;https://plutarcoalmacen.com.ar/;https://plutarcoalmacen.com.ar/media/PRODUCTOS/7795399902297.jpg;;Cosmetica natural
1090;Shampoo solido Samu coco romero jarilla 70 gr;"Shampoo a base de deriados del coco, contiene vitamina E. Especial para evitar la caida del cabello.
";in stock;new;6800.00 ARS;https://plutarcoalmacen.com.ar/;https://plutarcoalmacen.com.ar/media/PRODUCTOS/7795399902310.jpg;;Cosmetica natural
1091;Shampoo solido Samu 70 gr limon y aloe vera;Shampoo, a base de derivados de coco, contiene vitamina E. Gracias a los actvivos de aloe vera y limon, es antioxidante, reduce la grasitud del cabello y combate la caspa;in stock;new;6800.00 ARS;https://plutarcoalmacen.com.ar/;https://plutarcoalmacen.com.ar/media/PRODUCTOS/7795399902327.jpg;;Cosmetica natural
1092;Desodorante (citrus) 130 cc WELEDA;El Desodorante de Citrus de Weleda destila frescura natural. Posee aceites esenciales de limón y naranja para neutralizar los olores corporales. ;in stock;new;19000.00 ARS;https://plutarcoalmacen.com.ar/;https://plutarcoalmacen.com.ar/media/PRODUCTOS/7798036820770.jpg;;Cosmetica natural
1093;Desodorante de rosa mosqueta 130 cc WELEDA;Desodorante  que combina ingredientes naturales, que colaboran con el organismo para neutralizar olores sin dañar la piel.;in stock;new;19000.00 ARS;https://plutarcoalmacen.com.ar/;https://plutarcoalmacen.com.ar/media/PRODUCTOS/7798036820794.jpg;;Cosmetica natural
1094;Piedra de Alumbre desodorante LAIMA;El desodorante de piedra de alumbre 100% natural Laima de 80-100 gramos es una opción natural y efectiva para controlar el olor corporal.;in stock;new;15000.00 ARS;https://plutarcoalmacen.com.ar/;https://plutarcoalmacen.com.ar/media/PRODUCTOS/736372523969.jpg;;Cosmetica natural
1095;Balsamo Ortiga y Romero x 300ml OMS;Combinación ideal para aplicar en cabellos grasos con tendencia a la debilidad capilar y aparición de sebo.;in stock;new;15500.00 ARS;https://plutarcoalmacen.com.ar/;https://plutarcoalmacen.com.ar/media/PRODUCTOS/7798028624034.jpg;;Cosmetica natural
1096;Shampoo Avena y keratina x 300 cc OMS;Ideal para nutrir en profundidad cabellos secos, quebradizos, dañados por agentes externos y sin brillo.;in stock;new;15500.00 ARS;https://plutarcoalmacen.com.ar/;https://plutarcoalmacen.com.ar/media/PRODUCTOS/7798028624010.jpg;;Cosmetica natural
1097;desodorante 50ml BIOTERRA;Desodorante en crema, eficaz y amigable con todo tipo de piel. ;in stock;new;12000.00 ARS;https://plutarcoalmacen.com.ar/;https://plutarcoalmacen.com.ar/media/PRODUCTOS/4859058714911.jpg;;Cosmetica natural
1098;Crackines galletas de arroz;Galletas de arroz, ligeras y crujientes, perfectas para un snack saludable.;in stock;new;2000.00 ARS;https://plutarcoalmacen.com.ar/;https://plutarcoalmacen.com.ar/media/PRODUCTOS/7798200050019.jpg;;Snack
1099;Alfajor dubai PISTACCINO 55g;Alfajor Dubai crema de pistacho y chocolate amargo Pasticcino 60g. Sabor sofisticado, relleno cremoso y cobertura intensa. Ideal para quienes buscan una experiencia dulce premium.;in stock;new;3500.00 ARS;https://plutarcoalmacen.com.ar/;https://plutarcoalmacen.com.ar/media/PRODUCTOS/7798182731562.jpg;;Snack
1100;Bocado de COCO y nueces 36g;Snack bocado de coco y nueces, rico en sabor y nutrientes, pocos ingredientes, sin harinas.;in stock;new;1500.00 ARS;https://plutarcoalmacen.com.ar/;https://plutarcoalmacen.com.ar/media/PRODUCTOS/546462.jpg;;Snack
1101;Barra con Almendra LADDUBAR;Barras de almendras, datiles y cacao x 30g - Laddubar, snack nutritivo con frutos secos y cacao para un sabor equilibrado.;in stock;new;1600.00 ARS;https://plutarcoalmacen.com.ar/;https://plutarcoalmacen.com.ar/media/PRODUCTOS/8904150198391.jpg;;Snack
1102;barra de cereales muecas coco y cacao;Barra de cereales con coco y cacao, un snack saludable y delicioso, ideal para llevar.;in stock;new;1460.00 ARS;https://plutarcoalmacen.com.ar/;https://plutarcoalmacen.com.ar/media/PRODUCTOS/7798333090067.jpg;;Snack
1103;chips Nuestros Sabores papas rusticas sal marina;Papas fritas rústicas, crujientes y con un toque de sal marina, ideales para picar.;in stock;new;2000.00 ARS;https://plutarcoalmacen.com.ar/;https://plutarcoalmacen.com.ar/media/PRODUCTOS/7798171730392.jpg;;Snack
1104;Barra con avellanas LADDUBAR;Barras de avellanas, datiles y cacao x 30g - Laddubar, combinacion natural y energetica con un toque de chocolate intenso;in stock;new;1600.00 ARS;https://plutarcoalmacen.com.ar/;https://plutarcoalmacen.com.ar/media/PRODUCTOS/8904150198377.jpg;;Snack
1105;Crudda bar avellana;Crudda bar proteica sabor avellana y chocolate x 40g - Crudda, snack nutritivo con un balance ideal entre dulzura y proteina.;in stock;new;2200.00 ARS;https://plutarcoalmacen.com.ar/;https://plutarcoalmacen.com.ar/media/PRODUCTOS/7798419670091.jpg;;Snack
1106;Crudda bar brownie;Barra Crudda sabor brownie, un snack saludable y delicioso, ideal para llevar a cualquier parte.;in stock;new;2200.00 ARS;https://plutarcoalmacen.com.ar/;https://plutarcoalmacen.com.ar/media/PRODUCTOS/7798419670015.jpg;;Snack
1107;Quinoa POP 80g ying yang;Quinoa inflada, un snack ligero y crujiente, ideal para añadir a yogures o como topping.;in stock;new;1300.00 ARS;https://plutarcoalmacen.com.ar/;https://plutarcoalmacen.com.ar/media/PRODUCTOS/7790495003404.jpg;;Snack
1108;crudda bar banana toffee;Crudda bar proteica sabor banana y toffee x 40g - Crudda, sabor intenso y cremoso en una barra llena de energia natural.;in stock;new;2200.00 ARS;https://plutarcoalmacen.com.ar/;https://plutarcoalmacen.com.ar/media/PRODUCTOS/7798419670084.jpg;;Snack
1109;Crackers SHIVA ahumado x 100grs;Crackers con pimenton ahumado SIN TACC, una opcion crujiente y sabrosa para acompanhar tus comidas.;in stock;new;3000.00 ARS;https://plutarcoalmacen.com.ar/;https://plutarcoalmacen.com.ar/media/PRODUCTOS/617308824087.jpg;;Snack
1110;crudda bar arandanos y nuez;;in stock;new;2200.00 ARS;https://plutarcoalmacen.com.ar/;https://plutarcoalmacen.com.ar/media/PRODUCTOS/7798419670022.jpg;;Snack
1111;Crackers SHIVA carbon x 100grs;Shiva Crackers con carbon vegetal SIN TACC, una opcion crujiente y saludable para acompanar dips y quesos.;in stock;new;3000.00 ARS;https://plutarcoalmacen.com.ar/;https://plutarcoalmacen.com.ar/media/PRODUCTOS/617308824094.jpg;;Snack
1112;Crudda bar Peanut Caramel;Barrita de maní y caramelo, un dulce snack lleno de energía.;in stock;new;2200.00 ARS;https://plutarcoalmacen.com.ar/;https://plutarcoalmacen.com.ar/media/PRODUCTOS/7798419670039.jpg;;Snack
1113;crudda bar coco chocolate;Crudda bar proteica sabor coco y chocolate x 40g - Crudda, combinacion tropical y chocolatosa para un boost de energia saludable.;in stock;new;2200.00 ARS;https://plutarcoalmacen.com.ar/;https://plutarcoalmacen.com.ar/media/PRODUCTOS/7798419670077.jpg;;Snack
1114;Crackers SHIVA mediterraneo x 100grs;Crackers mediterraneos SIN TACC, una opcion crujiente y sabrosa para acompanhar dips y quesos.;in stock;new;3000.00 ARS;https://plutarcoalmacen.com.ar/;https://plutarcoalmacen.com.ar/media/PRODUCTOS/617308824117.jpg;;Snack
1115;Granola Quinola Urban Farm Almendars y sal marina;Quinola granola de quinoa sabor almendras y sal marina x 240g - Urban Farm, combinacion dulce y salada con toque crocante.;in stock;new;6800.00 ARS;https://plutarcoalmacen.com.ar/;https://plutarcoalmacen.com.ar/media/PRODUCTOS/7798330181041.jpg;;Snack
1116;Pochoclos organico con sal marina BAMBOO;Pochoclos orgánicos, ligeros y crujientes, con un toque de sal marina, ideales como snack.;in stock;new;2300.00 ARS;https://plutarcoalmacen.com.ar/;https://plutarcoalmacen.com.ar/media/PRODUCTOS/7798378750025.jpg;;Snack
1117;alfajor celienergy avellanas negro;Alfajor Celienergy con Avellanas y baño de chocolate nego, sin tacc.;in stock;new;1600.00 ARS;https://plutarcoalmacen.com.ar/;https://plutarcoalmacen.com.ar/media/PRODUCTOS/656750814376.jpg;;Snack
1118;Granola Quinola Urban Farm Arandanos;Quinola granola de quinoa sabor arandanos x 240g - Urban Farm, crocante y frutal, perfecta para yogures o snacks saludables.;in stock;new;6800.00 ARS;https://plutarcoalmacen.com.ar/;https://plutarcoalmacen.com.ar/media/PRODUCTOS/7798330181027.jpg;;Snack
1119;Granola Quinola Urban Farm Choco Coco;Quinola granola de quinoa sabor choco coco x 240g - Urban Farm, fusion de chocolate y coco en una mezcla nutritiva y deliciosa.;in stock;new;6800.00 ARS;https://plutarcoalmacen.com.ar/;https://plutarcoalmacen.com.ar/media/PRODUCTOS/7798330181010.jpg;;Snack
1120;Coronita de Mani y chocolate x 18g Chia Graal;Coronita de mani y chocolate x 18g Chia Graal, bocadito energetico con combinacion perfecta de dulzura y crocancia;in stock;new;3200.00 ARS;https://plutarcoalmacen.com.ar/;https://plutarcoalmacen.com.ar/media/PRODUCTOS/1953828591382.jpg;;Snack
1121;Barra brava fungi bar 40g melena de leon;Fungi Bar a base de datiles y castañas con melena de leon Barra Brava 40g. Snack funcional con superalimentos, textura suave y sabor natural. ;in stock;new;2000.00 ARS;https://plutarcoalmacen.com.ar/;https://plutarcoalmacen.com.ar/media/PRODUCTOS/7798424300013.jpg;;Snack
1122;Granola Quinola Urban Farm Manzana y canela;Quinola granola de quinoa sabor manzana & canela x 240g - Urban Farm, mezcla aromatica y reconfortante, ideal para el desayuno.;in stock;new;6800.00 ARS;https://plutarcoalmacen.com.ar/;https://plutarcoalmacen.com.ar/media/PRODUCTOS/7798330181034.jpg;;Snack
1123;Arroz yamani 500g Plutarco;Arroz yamani, conocido por su textura y sabor únicos, ideal para platos exóticos.;in stock;new;2000.00 ARS;https://plutarcoalmacen.com.ar/;https://plutarcoalmacen.com.ar/media/PRODUCTOS/247272.jpg;;Cereales y Legumbres
1124;Avena arrollada instantanea 500g Plutarco;Avena instantánea, ideal para preparar desayunos rápidos y nutritivos.;in stock;new;1300.00 ARS;https://plutarcoalmacen.com.ar/;https://plutarcoalmacen.com.ar/media/PRODUCTOS/AVENA0002.jpg;;Cereales y Legumbres
1125;Garbanzos 500g plutarco;Garbanzos secos, ricos en proteínas y fibra, ideales para guisos y ensaladas.;in stock;new;2040.00 ARS;https://plutarcoalmacen.com.ar/;https://plutarcoalmacen.com.ar/media/PRODUCTOS/189251.jpg;;Cereales y Legumbres
1126;Lentejas 500g Plutarco;Lentejas secas, ricas en proteínas y fibra, perfectas para guisos y ensaladas.;in stock;new;2830.00 ARS;https://plutarcoalmacen.com.ar/;https://plutarcoalmacen.com.ar/media/PRODUCTOS/003866.jpg;;Cereales y Legumbres
1127;Arroz integral 500g Plutarco;Arroz integral, rico en fibra y nutrientes, ideal para una alimentación saludable.;in stock;new;1470.00 ARS;https://plutarcoalmacen.com.ar/;https://plutarcoalmacen.com.ar/media/PRODUCTOS/arroz0001.jpg;;Cereales y Legumbres
1128;Arroz blanco g, largo 500 g Plutarco;Arroz blanco de grano largo, versátil y fácil de cocinar, perfecto para acompañar cualquier comida.;in stock;new;1540.00 ARS;https://plutarcoalmacen.com.ar/;https://plutarcoalmacen.com.ar/media/PRODUCTOS/007247.jpg;;Cereales y Legumbres
1129;Poroto colorados 500g Plutarco;Porotos colorados, ricos en nutrientes, perfectos para guisos y ensaladas.;in stock;new;3030.00 ARS;https://plutarcoalmacen.com.ar/;https://plutarcoalmacen.com.ar/media/PRODUCTOS/017393.jpg;;Cereales y Legumbres
1130;Arroz basmati 500g Plutarco;Arroz basmati de grano largo, aromático y ligero, ideal para acompañar platos de curry o como base de ensaladas.;in stock;new;4000.00 ARS;https://plutarcoalmacen.com.ar/;https://plutarcoalmacen.com.ar/media/PRODUCTOS/011355.jpg;;Cereales y Legumbres
1131;Polenta Del Campo 500 gr;Polenta, un alimento a base de maíz, ideal para preparar platos cremosos o como acompañamiento.;in stock;new;2000.00 ARS;https://plutarcoalmacen.com.ar/;https://plutarcoalmacen.com.ar/media/PRODUCTOS/7798004720071.jpg;;Cereales y Legumbres
1132;Polenta Organica 450g Dicomere;Polenta orgánica, perfecta para preparar platos saludables y nutritivos.;in stock;new;1800.00 ARS;https://plutarcoalmacen.com.ar/;https://plutarcoalmacen.com.ar/media/PRODUCTOS/7793323004932.jpg;;Cereales y Legumbres
1133;Porotos Pallares 500g Plutarco;Porotos pallares, ideales para guisos y platos de legumbres, ricos en proteínas.;in stock;new;5650.00 ARS;https://plutarcoalmacen.com.ar/;https://plutarcoalmacen.com.ar/media/PRODUCTOS/137329.jpg;;Cereales y Legumbres
1134;Poroto Aduki 500g Plutarco;Porotos aduki, ricos en proteínas y fibra, ideales para guisos y ensaladas.;in stock;new;1600.00 ARS;https://plutarcoalmacen.com.ar/;https://plutarcoalmacen.com.ar/media/PRODUCTOS/021891.jpg;;Cereales y Legumbres
1135;Arvejas partidas 500g Plutarco;Arvejas partidas, ricas en proteínas y fibra, perfectas para sopas y guisos.;in stock;new;1100.00 ARS;https://plutarcoalmacen.com.ar/;https://plutarcoalmacen.com.ar/media/PRODUCTOS/001409.jpg;;Cereales y Legumbres
1136;Poroto Alubia 500g Plutarco;Porotos alubia, ideales para preparar guisos y platos tradicionales.;in stock;new;2820.00 ARS;https://plutarcoalmacen.com.ar/;https://plutarcoalmacen.com.ar/media/PRODUCTOS/217227.jpg;;Cereales y Legumbres
1137;Porotos negros 500g Plutarco;;in stock;new;2310.00 ARS;https://plutarcoalmacen.com.ar/;https://plutarcoalmacen.com.ar/media/PRODUCTOS/325239.jpg;;Cereales y Legumbres
1138;Quinoa blanca  1kg SUMA QAMAÑA;Quinoa blanca, un grano nutritivo y versátil, rico en proteínas y fibra, ideal para ensaladas y guisos.;in stock;new;15300.00 ARS;https://plutarcoalmacen.com.ar/;https://plutarcoalmacen.com.ar/media/PRODUCTOS/SUMAQ0001.jpg;;Cereales y Legumbres
1139;Quinoa blanca  500 grs SUMA QAMAÑA;Quinoa blanca en menor cantidad, perfecta para quienes buscan un alimento saludable y fácil de preparar.;in stock;new;8100.00 ARS;https://plutarcoalmacen.com.ar/;https://plutarcoalmacen.com.ar/media/PRODUCTOS/sumaq0002.jpg;;Cereales y Legumbres
1140;Quinoa blanca 250 grs SUMA QAMAÑA;Quinoa blanca, ideal para preparar porciones pequeñas, rica en nutrientes y fácil de cocinar.;in stock;new;4160.00 ARS;https://plutarcoalmacen.com.ar/;https://plutarcoalmacen.com.ar/media/PRODUCTOS/sumaq0003.jpg;;Cereales y Legumbres
1141;Queso crema REBELDE;"Queso crema sin conservantes ni azucares agregados. 
Perfecto para acompañar cualquier tipo de plato.";in stock;new;5600.00 ARS;https://plutarcoalmacen.com.ar/;https://plutarcoalmacen.com.ar/media/PRODUCTOS/7798414430010.jpg;;Refrigerados
1142;Tofu organico Soyana 350 grs;Tofu orgánico, rico en proteínas, ideal para preparar platos vegetarianos y veganos.;in stock;new;7200.00 ARS;https://plutarcoalmacen.com.ar/;https://plutarcoalmacen.com.ar/media/PRODUCTOS/7798383880014.jpg;;Refrigerados
1143;Hummus ONNEG;Pasta de garbanzos, tahini y especias, ideal como dip o para untar en sandwiches.;in stock;new;4570.00 ARS;https://plutarcoalmacen.com.ar/;https://plutarcoalmacen.com.ar/media/PRODUCTOS/7798255730065.jpg;;Refrigerados
1144;Babaganush ONNEG;Pasta de berenjena asada, tahini y especias, ideal como dip o acompañamiento en platos mediterráneos.;in stock;new;7150.00 ARS;https://plutarcoalmacen.com.ar/;https://plutarcoalmacen.com.ar/media/PRODUCTOS/7798255730010.jpg;;Refrigerados
1145;Yogurth griego natural ghurt 200g;Yogurth Griego de Primera calidad con simples ingredientes y una textura muy cremosa. Alto en Proteinas.;in stock;new;4800.00 ARS;https://plutarcoalmacen.com.ar/;https://plutarcoalmacen.com.ar/media/PRODUCTOS/4123241.jpg;;Refrigerados
1146;Yogurth griego natural ghurt 370g;Yogurth Griego de Primera calidad con simples ingredientes y una textura muy cremosa. Alto en Proteinas.;in stock;new;8950.00 ARS;https://plutarcoalmacen.com.ar/;https://plutarcoalmacen.com.ar/media/PRODUCTOS/42355322.jpg;;Refrigerados
1147;Leche de Almendras AMANDE;Leche de almendras, alternativa vegetal rica en nutrientes, ideal para batidos y cereales.;in stock;new;6500.00 ARS;https://plutarcoalmacen.com.ar/;https://plutarcoalmacen.com.ar/media/PRODUCTOS/7790890070049.jpg;;Refrigerados
1148;Chucrut LA FERMENTADORA;Chucrut fermentado, rico en probióticos, ideal como acompañamiento en comidas.;in stock;new;13400.00 ARS;https://plutarcoalmacen.com.ar/;https://plutarcoalmacen.com.ar/media/PRODUCTOS/004320.jpg;;Refrigerados
1149;Manteca Lobos pasteurizada;500gr de manteca 100% artesanal y natural;in stock;new;15500.00 ARS;https://plutarcoalmacen.com.ar/;https://plutarcoalmacen.com.ar/media/PRODUCTOS/001611.jpg;;Refrigerados
1150;Salsa de Soja Shoyu MOA / MEI 0,5 lt;Salsa de soja Shoyu, ideal para aderezar platos asiáticos y dar un sabor umami.;in stock;new;10900.00 ARS;https://plutarcoalmacen.com.ar/;https://plutarcoalmacen.com.ar/media/PRODUCTOS/002320.jpg;;Refrigerados
1151;Miso organico 200 gr MOA / MEI;Pasta de miso orgánico, ideal para preparar sopas y aderezos, rica en probióticos.;in stock;new;9600.00 ARS;https://plutarcoalmacen.com.ar/;https://plutarcoalmacen.com.ar/media/PRODUCTOS/001750.jpg;;Refrigerados
1152;Yogurth griego natural ghurt 750g;Yogurth Griego de Primera calidad con simples ingredientes y una textura muy cremosa. Alto en Proteinas.;in stock;new;16750.00 ARS;https://plutarcoalmacen.com.ar/;https://plutarcoalmacen.com.ar/media/PRODUCTOS/21712414.jpg;;Refrigerados
1153;Yogurth bebible frutilla 1LT La Choza (NO incluye el envase);Yogurth bebible de frutilla, delicioso y refrescante, perfecto para disfrutar en cualquier momento.;in stock;new;9300.00 ARS;https://plutarcoalmacen.com.ar/;https://plutarcoalmacen.com.ar/media/PRODUCTOS/7798328480071.jpg;;Refrigerados
1154;Yogurth bebible F, bosque 500cm3 La Choza (NO incluye el envase);Yogurth bebible de sabor bosque, cremoso y nutritivo, ideal para un snack saludable.;in stock;new;5800.00 ARS;https://plutarcoalmacen.com.ar/;https://plutarcoalmacen.com.ar/media/PRODUCTOS/7798328480309.jpg;;Refrigerados
1155;Yogurth bebible frutilla 500cm3 La Choza (NO incluye el envase);Yogurth bebible de frutilla en menor cantidad, ideal para un snack rápido y sabroso.;in stock;new;5600.00 ARS;https://plutarcoalmacen.com.ar/;https://plutarcoalmacen.com.ar/media/PRODUCTOS/7798328480361.jpg;;Refrigerados
1156;Leche de coco Tratenfu x 1 lt;Leche de coco, ideal para cocinar platos asiáticos o como base para batidos tropicales.;in stock;new;5650.00 ARS;https://plutarcoalmacen.com.ar/;https://plutarcoalmacen.com.ar/media/PRODUCTOS/7798290581516.jpg;;Refrigerados
1157;Yogurth bebible frutos rojos 1 LT La Choza (NO incluye el envase);Yogurth bebible de frutos rojos, rico en sabor y nutrientes, ideal para un desayuno o merienda.;in stock;new;9500.00 ARS;https://plutarcoalmacen.com.ar/;https://plutarcoalmacen.com.ar/media/PRODUCTOS/7798328480057.jpg;;Refrigerados
1158;Leche de Almendras TRATENFU x 1 lt;Leche de almendras, suave y cremosa, perfecta para usar en café o como base para postres.;in stock;new;6100.00 ARS;https://plutarcoalmacen.com.ar/;https://plutarcoalmacen.com.ar/media/PRODUCTOS/7798290580540.jpg;;Refrigerados
1159;Queso Cuartirolo 350grs x unidad La Choza ya fraccionado;;in stock;new;9000.00 ARS;https://plutarcoalmacen.com.ar/;https://plutarcoalmacen.com.ar/media/PRODUCTOS/7798328480118.jpg;;Refrigerados
1160;Mozzarella 250grs Felices las Vacas;Mozzarella VEGANA, ideal para pizzas, ensaladas y platos italianos.;in stock;new;3730.00 ARS;https://plutarcoalmacen.com.ar/;https://plutarcoalmacen.com.ar/media/PRODUCTOS/763571697214.jpg;;Refrigerados
1161;Queso Cremoso 500g Felices Las Vacas;Queso cremoso en mayor cantidad, perfecto para quienes disfrutan de un queso suave y untar.;in stock;new;7060.00 ARS;https://plutarcoalmacen.com.ar/;https://plutarcoalmacen.com.ar/media/PRODUCTOS/656750732656.jpg;;Refrigerados
1162;Queso Mozzarella 500g Felices Las Vacas;Mozzarella VEGANA, ideal para pizzas, lasañas y ensaladas, con una textura suave y cremosa.;in stock;new;7060.00 ARS;https://plutarcoalmacen.com.ar/;https://plutarcoalmacen.com.ar/media/PRODUCTOS/076625286228.jpg;;Refrigerados
1163;Yogurth griego 400g KAY;Yogurth griego, perfecto para quienes buscan un snack saludable y nutritivo.;in stock;new;13500.00 ARS;https://plutarcoalmacen.com.ar/;https://plutarcoalmacen.com.ar/media/PRODUCTOS/125151421.jpg;;Refrigerados
1164;Yogurth griego 170g KAY;Yogurth griego, cremoso y rico en proteínas, ideal para disfrutar solo o con frutas.;in stock;new;6200.00 ARS;https://plutarcoalmacen.com.ar/;https://plutarcoalmacen.com.ar/media/PRODUCTOS/325225.jpg;;Refrigerados
1165;Queso castañas caju QU CRUDDA MIX PIMIENTAS;Queso vegano de castañas de cajú con especias, perfecto para dar un toque especial a tus platos.;in stock;new;7100.00 ARS;https://plutarcoalmacen.com.ar/;https://plutarcoalmacen.com.ar/media/PRODUCTOS/7798338250084.jpg;;Refrigerados
1166;Queso castañas caju QU CRUDDA CLASICO;Queso vegano a base de castañas de cajú, ideal para untar o como ingrediente en ensaladas.;in stock;new;7100.00 ARS;https://plutarcoalmacen.com.ar/;https://plutarcoalmacen.com.ar/media/PRODUCTOS/7798338250077.jpg;;Refrigerados
1167;Queso Cremoso 250grs Felices las vacas;Queso cremoso, ideal para untar en tostadas o como ingrediente en recetas.;in stock;new;3730.00 ARS;https://plutarcoalmacen.com.ar/;https://plutarcoalmacen.com.ar/media/PRODUCTOS/763571697221.jpg;;Refrigerados
1168;Tortillas PURO MAIZ (GRANDES);Tortillas de maíz grandes, perfectas para hacer tacos, burritos o wraps, con un sabor auténtico.;in stock;new;7800.00 ARS;https://plutarcoalmacen.com.ar/;https://plutarcoalmacen.com.ar/media/PRODUCTOS/0PUROM.jpg;;Refrigerados
1169;Tofu ARTESANAL MEI 500g;Tofu artesanal, una excelente fuente de proteínas vegetales, ideal para salteados y ensaladas.;in stock;new;9200.00 ARS;https://plutarcoalmacen.com.ar/;https://plutarcoalmacen.com.ar/media/PRODUCTOS/TOFUMEI0001.jpg;;Refrigerados
1170;Manzanilla 50g Plut;Flores de manzanilla secas, utilizadas para hacer infusiones, con propiedades relajantes.;in stock;new;4550.00 ARS;https://plutarcoalmacen.com.ar/;https://plutarcoalmacen.com.ar/media/PRODUCTOS/001626.jpg;;Infusiones
1171;yerba Kalena con palo 500 gr;Yerba mate Kalena, con palo, ideal para quienes buscan un sabor auténtico y tradicional.;in stock;new;5000.00 ARS;https://plutarcoalmacen.com.ar/;https://plutarcoalmacen.com.ar/media/PRODUCTOS/7791312000224.jpg;;Infusiones
1172;Yerba Roapipo suave 500g;Yerba mate Roapipo, suave y aromática, perfecta para quienes buscan un mate ligero.;in stock;new;5000.00 ARS;https://plutarcoalmacen.com.ar/;https://plutarcoalmacen.com.ar/media/PRODUCTOS/7798185200041.jpg;;Infusiones
1173;Cafe Motofeca Colombia 250g;Café colombiano, ideal para preparar una taza de café rica y aromática.;in stock;new;18000.00 ARS;https://plutarcoalmacen.com.ar/;https://plutarcoalmacen.com.ar/media/PRODUCTOS/000615.jpg;;Infusiones
1174;Cedron 50g Plut;Hierba de cedrón, utilizada en infusiones, con un sabor refrescante y propiedades digestivas.;in stock;new;3450.00 ARS;https://plutarcoalmacen.com.ar/;https://plutarcoalmacen.com.ar/media/PRODUCTOS/000669.jpg;;Infusiones
1175;YERBA Jesper con hierbas serranas 500 gr;La combinación de la Yerba Mate con Menta, Peperina y Poleo combinan poderosas propiedades de hierbas naturales que favorecen la salud del organismo.;in stock;new;4500.00 ARS;https://plutarcoalmacen.com.ar/;https://plutarcoalmacen.com.ar/media/PRODUCTOS/7798185200294.jpg;;Infusiones
1176;Mezcla yuyos para mate 50g Plut;Mezcla de hierbas para preparar mate, ideal para quienes disfrutan de esta bebida tradicional.;in stock;new;3210.00 ARS;https://plutarcoalmacen.com.ar/;https://plutarcoalmacen.com.ar/media/PRODUCTOS/001709.jpg;;Infusiones
1177;Yerba La Buena 500 gr;Elaborada en Misiones. Conserva el aroma y las propiedades de origen, generando en cada mateada una buena compañía. Con un sabor que solo YERBA MATE LA BUENA PUEDE LOGRAR. Agroecologica.;in stock;new;5000.00 ARS;https://plutarcoalmacen.com.ar/;https://plutarcoalmacen.com.ar/media/PRODUCTOS/754697526977.jpg;;Infusiones
1178;yerba Kalena DESPALADA 500 gr;Yerba mate Kalena despalada, con un sabor más intenso, ideal para los amantes del mate fuerte.;in stock;new;6000.00 ARS;https://plutarcoalmacen.com.ar/;https://plutarcoalmacen.com.ar/media/PRODUCTOS/7791312000392.jpg;;Infusiones
1179;Yerba TITRAYJU 500g;Yerba mate Titrayju, con un sabor fuerte y característico, ideal para los amantes del mate intenso.;in stock;new;6200.00 ARS;https://plutarcoalmacen.com.ar/;https://plutarcoalmacen.com.ar/media/PRODUCTOS/7798140140023.jpg;;Infusiones
1180;Hibiscus 50g Plut;Flores de hibisco secas, utilizadas para hacer infusiones, con un sabor ácido y refrescante.;in stock;new;4670.00 ARS;https://plutarcoalmacen.com.ar/;https://plutarcoalmacen.com.ar/media/PRODUCTOS/001285.jpg;;Infusiones
1181;Peperina 50g Plut;Hierba de peperina, utilizada en infusiones, con un sabor refrescante y propiedades digestivas.;in stock;new;3540.00 ARS;https://plutarcoalmacen.com.ar/;https://plutarcoalmacen.com.ar/media/PRODUCTOS/001996.jpg;;Infusiones
1182;Cafe Motofeca BLEND DE LA CASA 250 g;Mezcla de café de la casa Motofeca, con un sabor equilibrado y cuerpo medio, perfecto para el día a día.;in stock;new;18000.00 ARS;https://plutarcoalmacen.com.ar/;https://plutarcoalmacen.com.ar/media/PRODUCTOS/006151.jpg;;Infusiones
1183;Yerba Ajedrez 500 gr;Yerba mate Ajedrez, ideal para preparar un buen mate, con un sabor equilibrado y aromático.;in stock;new;4100.00 ARS;https://plutarcoalmacen.com.ar/;https://plutarcoalmacen.com.ar/media/PRODUCTOS/090125151497.jpg;;Infusiones
1184;Yerba Arapegua con palo 500g;Yerba mate Arapegua, con palo, ideal para quienes disfrutan de un sabor más suave y tradicional.;in stock;new;8750.00 ARS;https://plutarcoalmacen.com.ar/;https://plutarcoalmacen.com.ar/media/PRODUCTOS/7798199890016.jpg;;Infusiones
1185;Yerba Grapia Milenaria 500grs;"Producida por pequeños agricultores que
trabajan sin agrotóxicos y con respeto
por el medio ambiente.
Yerba persistente, fresca y aromática.
Se mantiene pareja en cebadas largas
y es perfecta para compartir en cualquier momento.";in stock;new;4400.00 ARS;https://plutarcoalmacen.com.ar/;https://plutarcoalmacen.com.ar/media/PRODUCTOS/7798151510044.jpg;;Infusiones
1186;Yerba La Buena 1kg;Elaborada en Misiones. Conserva el aroma y las propiedades de origen, generando en cada mateada una buena compañía. Con un sabor que solo YERBA MATE LA BUENA PUEDE LOGRAR. Agroecologica.;in stock;new;8900.00 ARS;https://plutarcoalmacen.com.ar/;https://plutarcoalmacen.com.ar/media/PRODUCTOS/076625246352.jpg;;Infusiones
1187;Yerba Mate Legado 500g;"Es un producto orgánico, sin aditivos químicos y cultivado en yerbales orgánicos, lleva el sello de certificación OIA de la empresa certificadora ""Organización Internacional Agropecuaria"" de Buenos Aires.
Se extraen principalmente hojas maduras con ramas que luego se seleccionan enviando al “secadero” las de pequeño diámetro y descartando las de mayor grosor. Este proceso se denomina “quiebra” 
Gracias a su contenido en vitaminas, minerales, aminoácido y polifenoles aporta importantes beneficios a la salud del organismo: Mejora el estado de ánimo, aumenta la energía y la vitalidad.
";in stock;new;3700.00 ARS;https://plutarcoalmacen.com.ar/;https://plutarcoalmacen.com.ar/media/PRODUCTOS/7798146780018.jpg;;Infusiones
1188;YERBA Jesper tradicional 500 gr roja;Producto elaborado con palo y resultado de un cuidadoso proceso de estacionamiento natural que permite que sus hojas desarrollen un sabor más equilibrado, sin amargor excesivo.;in stock;new;4500.00 ARS;https://plutarcoalmacen.com.ar/;https://plutarcoalmacen.com.ar/media/PRODUCTOS/7798185200287.jpg;;Infusiones
1189;Yerba mate 500g LAS TUNAS;"Elaborada con palo, estacionamiento natural, sin componentes químicos.  Apta Celíacos.

Producida por La cooperativa Las Tunas, ubicada en Misiones,  recibe anualmente 1 millón 500 mil kilos de hoja verde de sus socios y elabora entre 20 y 25 mil kilos de yerba mate que son comercializados en distintos lugares de la Argentina bajo la modalidad de venta directa, esto es: del productor al consumidor";in stock;new;4100.00 ARS;https://plutarcoalmacen.com.ar/;https://plutarcoalmacen.com.ar/media/PRODUCTOS/7798019800010.jpg;;Infusiones
1190;Cafe Motofeca Colombia 1kg;Café colombiano de alta calidad, ideal para los amantes del café fuerte y aromático.;in stock;new;56000.00 ARS;https://plutarcoalmacen.com.ar/;https://plutarcoalmacen.com.ar/media/PRODUCTOS/000614.jpg;;Infusiones
1191;YERBA Jesper organica con palo 500 gr;Yerba mate orgánica Jesper, con palo, perfecta para preparar un mate saludable y sabroso.;in stock;new;4500.00 ARS;https://plutarcoalmacen.com.ar/;https://plutarcoalmacen.com.ar/media/PRODUCTOS/7798185200478.jpg;;Infusiones
1192;Yerba Tucangua 500grs;Esta yerba tiene un perfil de sabor suave y sin notas amargas, a diferencia de otras yerbas. Se seca de manera natural y se añeja, y es 100% orgánica;in stock;new;5000.00 ARS;https://plutarcoalmacen.com.ar/;https://plutarcoalmacen.com.ar/media/PRODUCTOS/7795568960271.jpg;;Infusiones
1193;Cafe colombia organico 250g CULTOR;Café orgánico de Colombia, con un sabor suave y aromático, ideal para disfrutar en cualquier momento.;in stock;new;25000.00 ARS;https://plutarcoalmacen.com.ar/;https://plutarcoalmacen.com.ar/media/PRODUCTOS/724373591704.jpg;;Infusiones
1194;Te de burro (Burrito) PLUT 50g;Hierba de burro, utilizada en infusiones, con propiedades digestivas y un sabor suave.;in stock;new;3460.00 ARS;https://plutarcoalmacen.com.ar/;https://plutarcoalmacen.com.ar/media/PRODUCTOS/002479.jpg;;Infusiones
1195;Cedron x 250g PLUT;Cedrón en mayor cantidad, ideal para preparar infusiones o como ingrediente en recetas.;in stock;new;4235.00 ARS;https://plutarcoalmacen.com.ar/;https://plutarcoalmacen.com.ar/media/PRODUCTOS/000670.jpg;;Infusiones
1196;Curcuma x 50grs;Cúrcuma en polvo, perfecta para sazonar platos y como ingrediente en batidos.;in stock;new;3290.00 ARS;https://plutarcoalmacen.com.ar/;https://plutarcoalmacen.com.ar/media/PRODUCTOS/000853.jpg;;Sales y Condimentos
1197;Sal rosada del Himalaya fina organica 500 gr;Sal rosada del Himalaya, rica en minerales, ideal para sazonar y dar un toque especial a tus platos.;in stock;new;3740.00 ARS;https://plutarcoalmacen.com.ar/;https://plutarcoalmacen.com.ar/media/PRODUCTOS/SALROSA0001.jpg;;Sales y Condimentos
1198;Sal marina yodada fina 500g LIBERATO;Sal marina yodada fina, ideal para aderezar y sazonar, con un sabor puro y natural.;in stock;new;2900.00 ARS;https://plutarcoalmacen.com.ar/;https://plutarcoalmacen.com.ar/media/PRODUCTOS/7798168320063.jpg;;Sales y Condimentos
1199;Curry de la india 50g Plut;Mezcla de especias de curry, ideal para dar sabor a platos indios y asiáticos.;in stock;new;2720.00 ARS;https://plutarcoalmacen.com.ar/;https://plutarcoalmacen.com.ar/media/PRODUCTOS/000854.jpg;;Sales y Condimentos
1200;Sal rosada del Himalaya gruesa organica 500 gr;Sal rosada gruesa, perfecta para usar en molinillos o como sal de mesa, con un sabor único.;in stock;new;3740.00 ARS;https://plutarcoalmacen.com.ar/;https://plutarcoalmacen.com.ar/media/PRODUCTOS/SALROSA0002.jpg;;Sales y Condimentos
1201;Sal marina yodada gruesa 500g LIBERATO;Sal marina yodada gruesa, ideal para cocinar y sazonar, con un sabor intenso.;in stock;new;2900.00 ARS;https://plutarcoalmacen.com.ar/;https://plutarcoalmacen.com.ar/media/PRODUCTOS/7798168320070.jpg;;Sales y Condimentos
1202;Sal marina yodada entrefina 500g LIBERATO;Sal marina yodada en mayor cantidad, perfecta para uso diario en la cocina.;in stock;new;2900.00 ARS;https://plutarcoalmacen.com.ar/;https://plutarcoalmacen.com.ar/media/PRODUCTOS/7798168320520.jpg;;Sales y Condimentos
1203;Pimenton Ahumado 50g Plut;Pimentón ahumado, ideal para dar sabor a platos y salsas, con un toque ahumado distintivo.;in stock;new;3100.00 ARS;https://plutarcoalmacen.com.ar/;https://plutarcoalmacen.com.ar/media/PRODUCTOS/002008.jpg;;Sales y Condimentos
1204;Sal rosada del Himalaya hierbas organica 500 gr;Sal rosada con hierbas, ideal para sazonar platos y dar un toque aromático.;in stock;new;3740.00 ARS;https://plutarcoalmacen.com.ar/;https://plutarcoalmacen.com.ar/media/PRODUCTOS/SALROSA0003.jpg;;Sales y Condimentos
1205;Pimienta negra molida 50g Plut;Pimienta negra molida, perfecta para sazonar platos y dar un toque picante.;in stock;new;2200.00 ARS;https://plutarcoalmacen.com.ar/;https://plutarcoalmacen.com.ar/media/PRODUCTOS/002020.jpg;;Sales y Condimentos
1206;Pimienta negra en grano x 50grs PLUT;Pimienta negra en grano, ideal para moler y dar un sabor intenso a tus comidas.;in stock;new;5150.00 ARS;https://plutarcoalmacen.com.ar/;https://plutarcoalmacen.com.ar/media/PRODUCTOS/002017.jpg;;Sales y Condimentos
1207;Curcuma raiz 50grs;Raíz de cúrcuma, conocida por sus propiedades antiinflamatorias, ideal para añadir a comidas y bebidas.;in stock;new;3100.00 ARS;https://plutarcoalmacen.com.ar/;https://plutarcoalmacen.com.ar/media/PRODUCTOS/002800.jpg;;Sales y Condimentos
1208;Pimienta blanca en grano 50g Plut;Pimienta blanca en grano, perfecta para sazonar comidas con un sabor suave.;in stock;new;4550.00 ARS;https://plutarcoalmacen.com.ar/;https://plutarcoalmacen.com.ar/media/PRODUCTOS/002019.jpg;;Sales y Condimentos
1209;pimienta blanca polvo 50g plut;Pimienta blanca en polvo, perfecta para aderezar ensaladas y platos cocinados.;in stock;new;2144.12 ARS;https://plutarcoalmacen.com.ar/;https://plutarcoalmacen.com.ar/media/PRODUCTOS/011501.jpg;;Sales y Condimentos
1210;Pimienta blanca en polvo 50g Plut;Pimienta blanca en polvo, ideal para sazonar platos y dar un toque de sabor.;in stock;new;4550.00 ARS;https://plutarcoalmacen.com.ar/;https://plutarcoalmacen.com.ar/media/PRODUCTOS/002018.jpg;;Sales y Condimentos
1211;Curry picante 50g Plut;Curry picante, perfecto para quienes disfrutan de un toque de calor en sus comidas.;in stock;new;2700.00 ARS;https://plutarcoalmacen.com.ar/;https://plutarcoalmacen.com.ar/media/PRODUCTOS/000860.jpg;;Sales y Condimentos
1212;Sal marina yodada entrefina 250g LIBERATO;Sal marina yodada, ideal para sazonar comidas, enriquecida con yodo para una dieta equilibrada.;in stock;new;3000.00 ARS;https://plutarcoalmacen.com.ar/;https://plutarcoalmacen.com.ar/media/PRODUCTOS/7798168320056.jpg;;Sales y Condimentos
1213;Sal marina gruesa Macrozen 500 gr;Sal marina gruesa, perfecta para cocinar y sazonar, ideal para platos que requieren un toque de sal.;in stock;new;1900.00 ARS;https://plutarcoalmacen.com.ar/;https://plutarcoalmacen.com.ar/media/PRODUCTOS/MACROZEN1.jpg;;Sales y Condimentos
1214;Sal marina fina Macrozen 500 gr;Sal marina fina, ideal para sazonar platos y realzar sabores, sin aditivos.;in stock;new;1900.00 ARS;https://plutarcoalmacen.com.ar/;https://plutarcoalmacen.com.ar/media/PRODUCTOS/MACROZEN.jpg;;Sales y Condimentos
1215;Jugo Manzana roja Pura Frutta 1 lt;Jugo de manzana roja, 100% natural, sin aditivos, ideal para disfrutar en cualquier momento.;in stock;new;4400.00 ARS;https://plutarcoalmacen.com.ar/;https://plutarcoalmacen.com.ar/media/PRODUCTOS/7798259430138.jpg;;Bebidas
1216;Jugo Manzana verde Pura Frutta 1 lts;Jugo de manzana verde, refrescante y ligeramente ácido, perfecto para acompañar comidas.;in stock;new;4400.00 ARS;https://plutarcoalmacen.com.ar/;https://plutarcoalmacen.com.ar/media/PRODUCTOS/7798259430084.jpg;;Bebidas
1217;Jugo Naranja Pura Frutta 1 lts;Jugo de naranja natural, rico en vitamina C, ideal para un desayuno saludable.;in stock;new;4400.00 ARS;https://plutarcoalmacen.com.ar/;https://plutarcoalmacen.com.ar/media/PRODUCTOS/7798259439087.jpg;;Bebidas
1218;Jugo Pura Frutta de manzana Kissabel 1lt;Jugo de manzana Kissabel, con un sabor único y refrescante, ideal para cualquier ocasión.;in stock;new;4400.00 ARS;https://plutarcoalmacen.com.ar/;https://plutarcoalmacen.com.ar/media/PRODUCTOS/7798259430282.jpg;;Bebidas
1219;Jugo Pura Frutta manzana y Frutilla 1lt;Jugo de manzana y frutilla, una combinación deliciosa y refrescante, perfecta para disfrutar.;in stock;new;4400.00 ARS;https://plutarcoalmacen.com.ar/;https://plutarcoalmacen.com.ar/media/PRODUCTOS/7798259439094.jpg;;Bebidas
1220;Jugo Sonder Sunrise 500ml;Jugo de manzana verde, limón y jengibre. Exquisito y 100% natural, sin conservantes, aditivos ni colorantes.;in stock;new;5520.00 ARS;https://plutarcoalmacen.com.ar/;https://plutarcoalmacen.com.ar/media/PRODUCTOS/076625274553.jpg;;Bebidas
1221;Mantequilla de mani 380g NINAS;Mantequilla de maní, rica en proteínas y grasas saludables, ideal para untar o añadir a batidos.;in stock;new;4250.00 ARS;https://plutarcoalmacen.com.ar/;https://plutarcoalmacen.com.ar/media/PRODUCTOS/7798347170014.jpg;;Mieles y Dulces
1222;Miel Pura 1kg RAIMAPU (sin etiqueta);Miel pura, sin aditivos, rica en nutrientes y antioxidantes, ideal para endulzar naturalmente.;in stock;new;8800.00 ARS;https://plutarcoalmacen.com.ar/;https://plutarcoalmacen.com.ar/media/PRODUCTOS/545412.jpg;;Mieles y Dulces
1223;mermelada las quinas sin azucar frutilla 420g;Mermelada de frutilla sin azúcar, ideal para untar en tostadas o como ingrediente en postres.;in stock;new;5850.00 ARS;https://plutarcoalmacen.com.ar/;https://plutarcoalmacen.com.ar/media/PRODUCTOS/7798127670420.jpg;;Mieles y Dulces
1224;mermelada las quinas sin azucar frutos rojos 420g;Mermelada de frutos rojos sin azúcar, perfecta para disfrutar en desayunos saludables.;in stock;new;5850.00 ARS;https://plutarcoalmacen.com.ar/;https://plutarcoalmacen.com.ar/media/PRODUCTOS/7798127670437.jpg;;Mieles y Dulces
1225;miel las quinas liquida organica 500g;Miel orgánica líquida, perfecta para endulzar bebidas y postres.;in stock;new;5850.00 ARS;https://plutarcoalmacen.com.ar/;https://plutarcoalmacen.com.ar/media/PRODUCTOS/7798127670161.jpg;;Mieles y Dulces
1226;miel las quinas cremosa organica 500g;Miel orgánica cremosa, ideal para untar en tostadas o añadir a infusiones.;in stock;new;5850.00 ARS;https://plutarcoalmacen.com.ar/;https://plutarcoalmacen.com.ar/media/PRODUCTOS/7798127670260.jpg;;Mieles y Dulces
1227;Miel cruda 1Kg Suma Qamaña;Miel cruda, sin procesar ni pasteurizar, rica en nutrientes, antioxidantes y vitaminas.;in stock;new;11500.00 ARS;https://plutarcoalmacen.com.ar/;https://plutarcoalmacen.com.ar/media/PRODUCTOS/001716.jpg;;Mieles y Dulces
1228;Miel cruda 500grs Suma Qamaña / juan en el campo;Miel cruda, sin procesar ni pasteurizar, rica en nutrientes, antioxidantes y vitaminas.;in stock;new;6300.00 ARS;https://plutarcoalmacen.com.ar/;https://plutarcoalmacen.com.ar/media/PRODUCTOS/001715.jpg;;Mieles y Dulces
