Ranking;Producto
1;Pan Dulce Grande Plutarco
2;
3;
4;
5;Maple de huevos organicos XL OVOLUCION
6;½ Docena de Huevos organicos OVOLUCION
7;Empanadas (todas) DAFNE / VARDO
8;Pan de Semillas Plutarco
9;NUEVAS! Cortezas oliva y maiz 250grs
10;Cortezas 250g envasadas Plutarco
11;Pan de oliva y sal marina Plutarco
12;Huevos Sueltos Dialupe  �  docena
13;Huevos Sueltos Dialupe Maple
14;Pan de arroz yamani Plutarco
15;Budin VEGANO Plutarco
16;Pepas Plutarco 200 gr
17;Pepitos con chips Plutarco 200 gr
18;Crackines galletas de arroz
19;Galleton dulce frutos secos VEGANO Plutarco
20;Galleton dulce chips VEGANO Plutarco
21;Galleton dulce membrillo VEGANO Plutarco
22;Alfajor dubai PISTACCINO 55g
23;Bocado de COCO y nueces 36g
24;Queso crema REBELDE
25;Tofu organico Soyana 350 grs
26;Cortezas 500g envasadas Plutarco
27;Milanesas de soja organica Semilla Amarilla
28;Hummus ONNEG
29;Hamburguesa de Bufalo BUFALA
30;Aceite de Oliva 1lt Suelto
31;Pan de Sarraceno Plutarco
32;Aceite de Oliva �lt Suelto
33;Tofu ARTESANAL MEI
34;Chapati (pan para sandwich) Plutarco
35;Mantequilla de mani 380g NINAS
36;Manzanilla 50g Plut
37;yerba Kalena con palo 500 gr
38;Babaganush ONNEG
39;Pre-pizza integral Plutarco
40;Pre-pizza de arroz Plutarco
41;Arroz yamani 500g Plutarco
42;Pan de centeno Plutarco
43;Alfajor (todos) KETO Nutrirte
44;Datilicious datiles con avellanas La Foret 80g
45;Avena arrollada instantanea 500g Plutarco
46;Garbanzos 500g plutarco
47;Huevos � Docena Egg Hongs
48;Lentejas 500g Plutarco
49;Yerba Roapipo suave 500g
50;sahumerios nag champa (ayurvedasandalwood)
51;Cafe Motofeca Colombia 250g
52;Torta Galesa Plutarco
53;Curcuma x 50grs
54;Manicol 35 gr PACHAMANI todos
55;Barra con Almendra LADDUBAR
56;Arroz integral 500g Plutarco
57;Arroz yamani 1 kg Plutarco
58;Quinoa blanca  500 grs SUMA QAMA�A
59;BROWNIE / ALFAJOR EPUYEN
60;Miel cruda 500grs Suma Qama�a / juan en el campo
61;troncoso fideos 500g 1
62;Yogurth griego natural ghurt 200g
63;Ciruelas 250g
64;Yogurth griego natural ghurt 370g
65;Alfajor Coprigio caprigio (sin azucar)
66;Sal rosada del Himalaya fina organica 500 gr
67;Pan Dulce Chico Plutarco
68;Pan Dulce Chico SIN TACC Plutarco
69;Roapipo 500grs Tradicional
70;Miel Pura 500g RAIMAPU (sin etiqueta)
71;Tortillas PURO MAIZ (Amarillo)
72;barra de cereales muecas coco y cacao
73;Cedron 50g Plut
74;YERBA Jesper con hierbas serranas 500 gr
75;Pistacho salado con cascara 100gr Plutarco
76;Hamburguesas Las Veganas
77;Sal marina (fina o gruesa) Macrozen 500 gr
78;Sal marina yodada fina 500g LIBERATO
79;Miel Pura 1kg RAIMAPU (sin etiqueta)
80;Barritas de Cereal y Mani Manduvi Kui
81;Envase LA CHOZA / LOS CEREZOS
82;chips Nuestros Sabores papas rusticas sal marina
83;Lentejas 1 k Plutarco
84;Milanesa Suprema de Pollo COECO
85;Caramelos de Jengibre y Miel Fuerte/Suave origuno TODOS
86;mermelada las quinas sin azucar frutilla 420g
87;Lentejas Roja Turca 500g plutarco
88;Ciruelas 500g
89;Barra con avellanas LADDUBAR
90;
91;Mezcla yuyos para mate 50g Plut
92;Galletas arroz rodez sin sal 1
93;Jugo Manzana roja Pura Frutta 250ml
94;Yerba La Buena 500 gr
95;Leche de Almendras AMANDE
96;Arroz blanco g. largo 500 g Plutarco
97;
98;Medallones y milanesas (variedades). Semilla Amarilla
99;Harina de GARBANZOS x 500g PLUTARCO
100;mermelada las quinas sin azucar frutos rojos 420g
101;Sahumerio Satya Super Hit Incense
102;Yerba TITRAYJU 1kg
103;Chucrut LA FERMENTADORA
104;Cortezas 100g Envasadas Plutarco
105;Chocolate Colonial 60% 16g
106;Jugo Pura Frutta Naranja 250ml
107;Crudda bar avellana
108;Jugo Manzana roja Pura Frutta 1 lt
109;Huevos Maple Egg Hongs
110;Quinoa blanca 250 grs SUMA QAMA�A
111;
112;Tintura madre MELENA DE LEON ARTESANAL
113;Nuggets soyana 300gr
114;Canela en polvo 50g Plut
115;Galletas arroz tostadas Carilo 150 gr
116;Cola de caballo 50g Plut
117;Crudda bar brownie
118;Manteca Lobos pasteurizada
119;Quinoa POP 80g ying yang
120;Harina de almendras 250g plutarco
121;Tintura madre REISHI ARTESANAL
122;Fideos Wakas  Kale
123;yerba Kalena DESPALADA 500 gr
124;Yerba TITRAYJU 500g
125;
126;Alfajor Mani Felices Las Vacas
127;Avena arrollada tradicional instantanea 1 kg Plutarco
128;Hibiscus 50g Plut
129;Levadura Nutrileva Queso Calsa 200 gr
130;Suprema deshuesada x UNIDAD COECO
131;Cigarrillos herbales (todos) RITUAL
132;Peperina 50g Plut
133;Melisa 50g plut
134;Acondicionador Samu Cocoy romero
135;Barrita de Chocolate colonial 70% 16g 
136;Coco en escamas 100g Plutarco
137;Pochoclos organico con azucar BAMBOO
138;Pollo entero / trozado COECO
139;Miel cruda 1Kg Suma Qama�a
140;Salsa de Soja Shoyu MOA / MEI 0.5 lt
141;Aceite de Cannabis Ananda 10 ml
142;alfajor celienergy nuez
143;Chocolate 80% cacao sin azucar NUTRIRTE
144;Arroz carnaroli 500g Plutarco
145;Ghee Vaca Yogui 220 gr Manteca clarificada
146;Ghee Vaca Yogui 350 gr Manteca clarificada
147;Ghee Vaca Yogui 650 gr Manteca clarificada
148;Tostaditas Chia Yin Yan 120 gr
149;Harina de Trigo Sarraceno semillas gauchas  x 500grs
150;Pata y muslo pollo deshuesado COECO
151;crudda bar banana toffee
152;mermelada las quinas sin azucar arandanos 420g
153;Pata y muslo pollo con piel y hueso COECO
154;Wik Barra de Quinoa inflada y chocolate
155;Oregano 50g Plut
156;Harina Integral Brotes extrafina 1 kg
157;Yogurth bebible natural entero 1 lt La Choza (NO incluye el envase)
158;Crackers SHIVA ahumado x 100grs
159;Azucar mascabo 500 gr ECOSUCRE
160;crudda bar arandanos y nuez
161;Crackers SHIVA carbon x 100grs
162;Crudda bar Peanut Caramel
163;Harina de arroz integral 500g
164;Miel Cruda 500g Las Quinas
165;Levadura Nutrileva Virgen Calsa 200 gr
166;Shampoo solido Samu 70 gr coco y bergamota
167;Quinoa blanca  1kg SUMA QAMA�A
168;Pasta de Mani Kui natural
169;Yogurth bebible natural 500cm3 La Choza (NO incluye el envase)
170;Harina Integral Brotes fina 1 kg
171;FECULA de Mandioca 500g PLUTARCO
172;Diente de leon 50g Plut
173;Jengibre 50g Plut
174;Miso organico 200 gr MOA / MEI
175;Tarta individual VARDO
176;Yogurth bebible vainilla 1 lt La Choza (NO incluye el envase)
177;Yogurth bebible natural 1 lt La Choza (NO incluye el envase)
178;Yogurth bebible natural DESCREMADO 500cm3 La Choza (NO incluye el envase)
179;Yogurth griego natural ghurt 750g
180;Azucar Rubia Organica SAN ISIDRO 1kg PLUT
181;Curry de la india 50g Plut
182;mermelada las quinas sin azucar durazno 420g
183;Sahumerio satya aaruda
184;miel las quinas organica cremosa
185;arroz yin yang integral 500g
186;Carqueja 50g Plut
187;Aceite oliva organico El Renuevo 500 cc
188;Agua de mar x 1Lt PRANAMAR
189;Extracto de vainilla El Castillo 100 cc
190;Galletas de arroz Party beck rice 70 gr
191;Manicol 100 gr PACHAMANI cacao
192;Miel EL ARBOL 500Grs
193;Sal rosada del Himalaya gruesa organica 500 gr
194;Shampoo solido Samu coco romero jarilla 70 gr
195;Yogurth Vegano COCO IOGO CRUDDA  160 GR NATURAL
196;Yogurth bebible frutilla 1LT La Choza (NO incluye el envase)
197;Azucar mascabo 1kg ECOSUCRE
198;Jabon de coco 220 gr
199;
200;Yogurth bebible vainilla 500cm3 La Choza (NO incluye el envase)
201;Jabon de corporal 110gr (todos) Pajaro Tigre
202;Sal marina yodada gruesa 500g LIBERATO
203;Salvado de Avena 500g Plutarco
204;Yerba Grapia Milenaria 1kg
205;Yogurth bebible F. bosque 500cm3 La Choza (NO incluye el envase)
206;Arroz integral 1 kg Plutarco
207;Bicarbonato de sodio 100g Plut
208;Cafe Motofeca BLEND DE LA CASA 250 g
209;Arroz yamani organico Yin Yan 500 gr
210;
211;Manicol 100 gr PACHAMANI algarroba
212;miel las quinas organica libre de gluten 500g
213;Yerba Roapipo tradicional 1kg
214;Manicol 100 gr PACHAMANI cacao y nuez
215;minis Cashoo
216;Salsa Tomates NUESTRAS MANOS 950 cc
217;
218;Yogurth Vegano COCO IOGO CRUDDA  160 GR VAINILLA
219;Comino molido 50g Plut
220;Extracto de vainilla El Castillo 30 cc
221;Arroz blanco organico Yin Yan 500 gr
222;Bebida de Almendras 910ml GREEN FOOD MAKERS
223;Huevos Sueltos �  docena
224;Kefir 1Lt Limonada
225;Datilicious datiles con mani La Foret 80g TODOS
226;Yerba Ajedrez 500 gr
227;Yerba Arapegua con palo 500g
228;Poroto colorados 500g Plutarco
229;Sal marina yodada entrefina 500g LIBERATO
230;Yogurth bebible frutilla 500cm3 La Choza (NO incluye el envase)
231;Yerba Grapia Milenaria 500grs
232;Agua de mar x 5lts PRANAMAR
233;Arroz basmati 500g Plutarco
234;Detergente 500cc MAS NATURAL
235;Arroz blanco g. largo 1 kg Plutarco
236;Poroto mung 500g Plutarco
237;Fari�a de Mandioca 500g PLUTARCO
238;Yerba IVU Organica 500g
239;Jugo de manzana Kissabel 1lt PURA FRUTTA
240;Kombucha Bravia 473ml superberry
241;Jugo Pura Frutta pera 250ml
242;Marcela 50g Plut
243;Mijo pelado 500g Plutarco
244;Pasta Dental con propoleo 85 gr Pajaro Tigre
245;Pimenton dulce 50g Plut
246;Sahumero NAG CHAMPA 10g
247;Yogurth Vegano COCO IOGO CRUDDA  160 GR ARANDANOS
248;Yerba La Buena 1kg
249;Yerba picada vieja 500g
250;Chocolate Colonial 70% x 100grs
251;Chocolate Colonial 70% con stevia
252;Harina de Avena 500g Plutarco
253;Kefir 1Lt Arandanos
254;Leche de coco Tratenfu x 1 lt
255;Polenta Del Campo 500 gr
256;Galletas de arroz Rodez Sin sal
257;Pan esenio Crudencio
258;Pochoclos organico agridulces BAMBOO
259;Polenta Organica 450g Dicomere
260;Porotos Pallares 500g Plutarco
261;Yerba Mate Legado 500g
262;Yerba Sol y Lluvia x 500g
263;Yogurth bebible frutos rojos 1 LT La Choza (NO incluye el envase)
264;Sahumerio Satya meditacion Incense
265;Aceitunas El Renuevo verdes 225gr
266;Jabon de coco 450 gr
267;Pasionaria 50g Plut
268;Shampoo solido Samu 70 gr limon y aloe vera
269;Azucar mascabo 500 gr BALAJU
270;crudda bar coco chocolate
271;Fideos Wakas de quinoa 300g
272;Vinagre de Sidra de Manzana 500ml BIORE
273;YERBA Jesper tradicional 500 gr roja
274;Mantequilla de Mani 360g LE FIT
275;pura Frutta manzana y Frutilla 1lt
276;Manicol 50 gr PACHAMANI cafe a la turca
277;Milanesas de Soja Organicas Sasaki MOA / MEI
278;Manicol 50 gr PACHAMANI cacao y nuez
279;Romero 50g Plut
280;Sahumerio satya palo santo
281;Chocolate Blanco sin azucar NUTRIRTE
282;Dulce de leche LA CHOZA
283;Canela en rama 50g Plut
284;Cortezas x kg Plutarco
285;DURAZNO 250g PLUTARCO
286;Huevos Sueltos Maple
287;Crema humectante FLEUR DE LA VIE
288;MEDALLON QUINOA MEDITERRANEA CASA VEGANA x400g
289;Tilo x 50 gr Plut
290;Boldo x 50g Plut
291;Cebada perlada 500g plutarco
292;Ciruela Umeboshi 100g Suma Qama�a
293;Espirulina en polvo 50g SUMA QUAMA�A
294;fideos qui noa catamarca tallarin quinoa 500g
295;Hamburguesa Burganas Tienda Veggie calabaza
296;Manicol 50 gr PACHAMANI algarroba
297;Manicol 50 gr PACHAMANI cacao
298;Productos Varios Almacen (A)
299;Tomates secos Al sol x 100gr
300;Trigo Sarraceno Pelado semillas gauchas  x 500grs
301;Sahumerio Satya Rose Ayurveda Incense
302;Yerba del pollo 50g Plut
303;Alfajor Coprigio caprigio (vegano)
304;Cardo mariano 50g Plut
305;alitas de pollo COECO
306;Boldo x 50g
307;Jugo Pura Frutta Pera 1Lt
308;Jabon de coco 90grs MAS NATURAL
309;Jugo Manzana verde Pura Frutta 1 lts
310;Kombucha Bravia 473ml Ginger
311;pasta dental sudanta Sri Sri ayurvedica 100g
312;Hamburguesa Burganas Tienda Veggie Brocoli
313;Jabones FLEUR DE LA VIE
314;Milanesa de Seitan VARDO RE-EVOLUCION
315;Queso casta�as caju QU CRUDDA CLASICO
316;Yogurth Griego x350ml LA CHOZA
317;Yogurth Vegano COCO IOGO CRUDDA  160 GR Maracuya
318;Tomates deshidratados Plutarco x100g
319;
320;Tomillo 50g Plut
321;Yerba mate 500g LAS TUNAS
322;Aceite oliva organico Maelca 500cc
323;Ambay 50g Plut
324;Aceite de cannabis medicinal CHO 15ml
325;Aceite de oliva extra virgen San Nicolas 500ml
326;Alfajor Blanco Felices las Vacas
327;Alfajor Chocolate Felices Las Vacas
328;Cous cous Ararat 500 gr
329;Eucalipto Eucaliptus 50g Plut
330;Calendula 50g Plut
331;Tomate triturado SAPIENZA 1Lt
332;tostaditas de quinoa YIN YANG 120g
333;Kefir 1Lt Manzana y Jengibre
334;kefir Tierra Florida maracuya 500ml
335;Pimenton Ahumado 50g Plut
336;Leche de Almendras TRATENFU x 1 lt
337;Leche de Avena 1lt BIBA
338;MEDALLON GARBANZOS AL CURRY CASA VEGANA x400g
339;Pasta de aceitunas verdes 235 gr El Renuevo
340;pasta dental sudanta Sri Sri ayurvedica 200g
341;Sahumerio Satya jasmin Ayurveda Incense
342;Sal rosada del Himalaya hierbas organica 500 gr
343;Poleo 50g Plut
344;Rebozador de Arroz DICOMERE 450g
345;Tahini 330grs mediano oh yeah
346;Pimienta negra molida 50g Plut
347;Super bar Mani DIABLA 35g
348;Tintura madre Equinacea Pajaro Tigre
349;Yogurth bebible Sauco 1 lt La Choza (NO incluye el envase)
350;alfajor celienergy avellanas
351;Agua de Mar 5lt VITALMAR
352;Aji molido 50g Plut
353;alfajores Nutri Raw pasta de mani
354;Desodorante (citrus) 130 cc WELEDA
355;Aceitunas El Renuevo negras 225 gr
356;Galletitas Celienergy Nuez 130g
357;Kimchi LA FERMENTADORA
358;Kombucha Bravia 473ml Manzana  verde
359;Levadura en copos Titan 200 gr
360;Salsa de tomate hecha pomarola 500cc FINCA PARU
361;Coriandro polvo plut 50grs
362;Yamani organico pop inflado Yin Yan 80 gr
363;Higos Negros Agroecologicos 100g SUMA QAMA�A
364;Jugo Sonder Sunset
365;Leche de coco cuisine coconut CHENNAI 400ml
366;Manicol 100 gr PACHAMANI cafe del monj
367;pasta dental sudanta Sri Sri ayurvedica en gel 100g
368;Pimienta negra en grano x 50grs PLUT
369;Tintura madre Antialergica Pajaro Tigre
370;pasta dental sudanta Sri Sri ayurvedica 50g
371;tintura madre equinacea SUMA QAMA�A (echinacea)
372;Queso Cuartirolo 350grs x unidad La Choza ya fraccionado
373;Yerba  De La Chacra 500 grs
374;trigo burgol Ararat grueso 500g
375;Barra natural MERLIN bars
376;Agar agar sobre (algas patag) 10g
377;cepillo de dientes bambu sUDANTA kids
378;Arroz blanco Doble 1 kg PLUTARCO
379;Bifes de seitan 2un VARDO RE-EVOLUCION
380;Jabon de coco barra de x 1 kg
381;Fideos CAMPO CLARO 500 gr TODOS
382;fideos de arroz Party beck rice 280 gr
383;Kombucha Tropical vibes Live kombu
384;Laurel 50grs PLUTARCO
385;Leche de Almendras sin azucar PAMPA VIDA
386;SRI LADDU BAR Brownie
387;SRI LADDU BAR menta
388;Tintura madre expectorante 60 ml Pajaro Tigre
389;Crackers SHIVA mediterraneo x 100grs
390;Tofu Fetas org Soyana
391;
392;Hinojo 50g Plut
393;Jugo Pura Frutta Manzana y Arandano 1lt
394;Medallones 4u VARDO RE EVOLUCION
395;Llanten 50g Plut
396;Queso casta�as caju QU CRUDDA AHUMADO
397;Salsa de tomate 1lt FINCA PARU
398;Suico 50g Plut
399;Poroto Aduki 500g Plutarco
400;Queso casta�as caju QU CRUDDA HIERBAS
401;Sahumerio Satya saldalwood Ayurveda Incense
402;Tintura madre inductora sue�o Pajaro Tigre
403;Pura frutta con manzana y Kiwi 1Lt
404;Queso casta�as caju QU CRUDDA MIX PIMIENTAS
405;Sahumo Fleur de la Vie
406;Trufa  de datiles mani The Food Alchimist
407;Yerba Sol y Lluvia x 1kg
408;Yerba mate 1kg LAS TUNAS
409;FECULA de Mandioca 1  kg PLUTARCO
410;Aceite de coco neutro 220ml SUMA QAMA�A
411;Alfajor de Membrillo 60g FELICES LAS VACAS
412;Aceite de coco neutro 500g GOD BLESS YOU
413;chips nuestros sabores papa pimienta negra y sal marina
414;Crema de calendula con miel y lavanda 60 gr Pajaro Tigre
415;Caldo de Huesos NUTRIRTE
416;Damascos x250g PLUTARCO
417;Dulce de membrillo FINCA PARU 500g
418;Aceite de coco virgen 225g GOD BLESS YOU
419;Biba bebida de Almendra 1lt
420;Dashoos Datiles con chocolate Cashoo
421;Dulce de membrillo pan NUESTRAS MANOS 600gr
422;Fari�a de Mandioca 1  kg PLUTARCO
423;Miel EL ARBOL 1KG
424;pasta dental sudanta Sri Sri ayurvedica en gel 200g
425;Te verde Camellia Sinensis BANCHA ban cha
426;Hamburguesa Burganas Tienda Veggie espinaca
427;Jabonera de madera chica
428;Jual stevia liquido 250cc
429;kefir Tierra Florida frutilla y remolacha 500ml
430;Kefir 1Lt Frutilla y Remolacha
431;Levadura instantanea natural Levex 2 sobres de 10 gr cu
432;MEDALLON ADUKI HUNGARO CASA VEGANA x400g
433;Queso untable CRUDDA
434;queso untable de almendras Felices Las Vacas 250g
435;Porotos negros 1 kg Plutarco
436;sahumerio Sagrada Madre palo santo con lavanda
437;Vinagre de Manzana 250ml PAMPA GOURMET
438;Bebida de Coco 330ml GREEN FOOD MAKERS
439;Aloe vera Maximas Defensas 500ml NATIER
440;Anis estrellado 50g Plut
441;Barrita vitalgy chocolate 40g
442;Coconut Granola Clusters
443;Arroz NEGRO 500g Plutarco
444;Arvejas partidas 500g Plutarco
445;Detergente 2Lts  MAS NATURAL
446;Galletitas Celienergy Cacao y Mani 130g
447;Almadre pitachips cebolla 170g
448;Almadre thins tomate 200g
449;Hamburguesa Burganas Tienda Veggie tomate seco
450;Harina de Almendras dicomere 200 gr
451;Harina Organica 000 Harinisima 500g
452;Kefir 1Lt Lemon Grass
453;Harina de arroz blanco 500g
454;Harina oganica de trigo 000 MOLINO CAMPODONICO 1kg
455;Kombucha Bravia 473ml Mango
456;Maca Negra Kallpa x 500 gr
457;fideo troncoso 500g 3 sabores
458;Kombucha Flower Power Live kombu
459;Mermelada organica de Frambuesa CUYEN
460;queso rawmesan 120 gr Crudencio
461;Quinoa blanca 250g YIN YANG
462;Stevia hojas 50g Plut
463;trigo burgol Ararat fino 500g
464;Galletitas Celienergy Nuez 130g ba�ada
465;hamburguesas Nutree quinoa batata y curry
466;kefir Tierra Florida manzana y zanahoria 500ml
467;Leche de Avena 500ml BIBA
468;MEDALLON QUINOA ANDINA CASA VEGANA x400g
469;mermelada las quinas sin azucar ciruela 420g
470;Mostaza Arytza ANTIGUA x 360g
471;Sahumerio satya reiki
472;Sahumerio Satya Tradicional Ayurveda Incense
473;Sopa instantanea de vegetales cajita VILLAVERDE
474;Nuez moscada molida 50g Plut
475;Panko sin tacc naccato 300g
476;Propoleo bebible con miel 60 cc Pajaro Tigre
477;Stevia liquida jual 125ml
478;Vinagre Oh Yeah It�s Vegan 500ml
479;Aloe Vera Maximas Defensas Natier 250cc
480;Altamisa 50g Plut
481;Anacahuita 50g Plut
482;Amargon 50g Plut
483;Cafe Motofeca Colombia 1kg
484;fideo qui noa catamarca 500g fusilli
485;Aceite oliva organico El Renuevo 2 lt
486;alfajor celienergy zapallo y algarroba
487;alfajores Nutri Raw coco
488;Arroz Mochi blanco 500g Plutarco
489;Bocaditos SANGUSTO
490;Cacao amargo en polvo 100grs SUMA QAMA�A
491;Gauchitas Papas Fritas 80g
492;Hamburguesa Burganas Tienda Veggie berenjenas
493;Hamburguesas Burganas Lentejas y Yamani
494;Jabonera de madera
495;Harina de algarroba 100g Plut
496;Leche de Quinoa BIBA
497;Caldo de Huesos Pollo / Res PEU
498;Caramelos party beck x10u
499;Cookies cacao Crudencio
500;Esponja vegetal luffa Pajaro Tigre
501;Kombucha Frutilla ALOJA 354cc
502;Maiz pisado blanco perlado 500g Plutarco
503;Pasas uva sin semilla 250 gr Maelca
504;Pasta dental SUDANTA extra fresh 100g
505;Propoleo bebible x 60 cc Fransiscanos
506;Tahini 165grs chico oh yeah
507;tintura madre Cardo mariano 100 ml SUMA QAMA�A
508;Tintura madre hepatoprotectora 60 cc Pajaro Tigre
509;Cacao polvo 100grs SUMA QAMA�A
510;Vinagre de Sidra de Manzana 250ml BIORE
511;Vino organico  sin sulfitos familia cecchin malbec
512;YERBA Jesper organica con palo 500 gr
513;Hamburguesa azduki Sangusto
514;Kombucha Caribe�a Live kombu
515;Incayuyo 50g Plut
516;Jabon p/ropa (todos) 1Lt MAS NATURAL
517;Jugo Pura Frutta Multifruta 1Lt
518;Nibs de cacao 100g suma qama�a
519;Limpiador multiuso 1Lt aprox MAS NATURAL
520;Sahumerio Satya champa Ayurveda Incense
521;MEDALLON GREEN MOON CASA VEGANA x400g
522;Pasta dental SUDANTA encias sanas 50g
523;Poroto Alubia 500g Plutarco
524;Porotos negros 500g Plutarco
525;Yogurth bebible mora 500cm3 La Choza (NO incluye el envase)
526;Ravioles zapallo y quinoa YAMANI
527;sahumerio Sagrada Madre palo santo con incienso
528;Vardo re evolucion no - nuggets
529;Yerba mate TAMANDUA 500g
530;yogurth shogurt  Felices Las Vacas durazno 170g
531;Yerba Sol de Acuario x 500g
532;Poroto manteca 1 kg Plutarco
533;Almadre snacks rawmesan y remolacha 130g
534;BALSAMO LABIAL ROSA MOSQUETA BOTIK
535;Alfajor Coprigio caprigio (tradicional / blanco)
536;Arrope de cha�ar Valdez 500 gr
537;Azucar organica 1 kg Dicomere
538;Bruschetta esenia Crudencio
539;dulce de leche untable de almendras Felices Las Vacas 250g
540;fideo troncosso penne 3 sabores 500g
541;Aceitunas griegas San Nicolas 250 gr
542;Ajenjo 50 gr Plut
543;aldajor celienergy mani y chocolate
544;Almadre snacks tomate y romero 130g
545;BALSAMO LABIAL JENGIBRE MENTA BOTIK
546;Chocolate Dr. Cacao 70% Almendras y coco
547;Chutney de tomate VILLAVERDE 190g
548;Crackers SHIVA tostis 100g
549;Aceite de coco neutro 225g GOD BLESS YOU
550;Bardana 50g Plut
551;barritas zafran manzana y chia
552;Cafe Brasilero en Grano 250g SUMA QAMA�A
553;Harina de Trigo Integral DICOMERE
554;Kefir nodulos Prama
555;Harina  garbanzos 500 gr Dicomere
556;Hestragon 50g Plut
557;Jabon de corporal 55gr (todos) Pajaro Tigre
558;Jugo Naranja salustiana Pura Frutta 1 lts
559;Kimchi picante Alcaraz Recetas de Entonces
560;Maca pura suma qama�a x 100 gr
561;Chocolate Dr. Cacao 100% Sin Azucar
562;Cremoso 250grs Felices las vacas
563;Propoleo con miel en spray 30 cc Pajaro Tigre
564;Sahumero SATYA KARMA 10g
565;Shampoo solido equilibrado SENTIDA BOTANICA
566;Canela en rama 25g Plut
567;Caramelos Noble Apicultor x5
568;Cha�ar corteza 50g Plut
569;ESPADAS  de madera
570;tintura madre Paico 100ml SUMA QAMA�A
571;Vino picum syrah 750ml
572;Yogur bebible Mora 1Lt LA  CHOZA (NO incluye el envase)
573;Grasa de Pella NUTRIRTE
574;Hamburguesa Burganas Tienda Veggie cebolla caramelizada
575;Hamburguesas Annapurna aduki
576;Jarilla 50g Plut
577;Kombucha Hibiscus, cedron y jengibre ALOJA 354cc
578;Harina de maiz precocida 1kg PAN
579;Helado de Acai clasico 250ml
580;Manteca La Choza x250g
581;Mu�a mu�a 50g Plut
582;Provenzal 50g Plut
583;Mozzarella 250grs Felices las Vacas
584;Pasas uva sin semilla 500 gr Maelca
585;Pasta dental SUDANTA encias sanas 100g
586;ravioles vegano Yamani cebollas blancas  moradas verdeo
587;ravioles vegano Yamani tomates girasol albahaca
588;ravioles vegano Yamani verdura caju
589;Sahumerio Satya cinnamon Ayurveda Incense
590;Sahumerio Satya Lavanda Ayurveda Incense
591;Sal marina yodada entrefina especias 250g LIBERATO
592;Tahini 590grs grande oh yeah
593;MEDALLON LENTEJON CANADIENSE CASA VEGANA x400g
594;miel las quinas liquida organica 500g
595;Pan rallado 500g GRUN
596;Yogur ENTERO c/frutillas BEAUDROIT
597;Yogurth bebible sauco 500cm3 La Choza (NO incluye el envase)
598;Yogurth griego helado x120g KARINAT
599;yogurth Quimya frutilla 170g
600;Salchichas de pollo x4 COECO
601;Yogur ENTERO BEAUDROIT
602;Tofu grill 200g SOYANA chimichurri
603;Valeriana 50g Plut
604;Vinagres LA FERMENTADORA
605;Yerba Tucangua 500grs
606;Aceite de coco MCT PREMIUM GOD BLES YOU
607;Agua KO 1lt
608;Almadre snacks sesamo y sal marina 130g
609;Aceite Rosa Mosqueta Pajaro Tigre
610;Azucar Mascabo Dicomere 500gr
611;Crunchis original Crudencio
612;Fecula de maiz Dicomere 450grs
613;Anis Semillas 50g Plut
614;barra de cereales muecas manzana y arandanos
615;Blend de Harinas CHACABUCO 400g
616;Calditos Concentrados PEU
617;Clavo de olor 50g Plut
618;Crema de arnica y lavanda 60 gr Pajaro Tigre
619;Crema de leche cultivada x 350 ml LA CHOZA
620;Hamburguesa poroto Sangusto
621;Aceite de Girasol alto oleico DICOMERE 500ml
622;Barra WAKE UP Chocolate 20g
623;Bebida de Almendras chocolate 330ml GREEN FOOD MAKERS
624;Fideos Wakas ALUBIA x 250 gr
625;Fideos Wakas amaranto
626;Galletitas ChocoChips 200g Veganitas
627;Granola Quinola Urban Farm Almendars y sal marina
628;Hamburguesa mijo Sangusto
629;hamburguesas Nutree quinoa porotos 
630;Hamburguesas Annapurna Mijo
631;Harina de Trigo Sarraceno semillas gauchas  x 1 kg
632;Jarabe antitusivo 100ml
633;kefir Tierra Florida arandanos 500ml
634;Clavo de olor 25g Plut
635;Crackers SHIVA mix semillas x 100grs
636;Desodorante Roll on rosa mosqueta BOTANIKA 60ml
637;Dry tomato salad ONNEG
638;Kombucha Pomelada ALOJA 354cc
639;Leche de Almendras y coco TRATENFU x 1 lt
640;Maca Negra polvo x150g
641;Mostaza Arytza ALEMANA x 360g
642;Nueces peladas Organicas Maelca 200 gr
643;Pulmonaria 50g Plut
644;Retamilla 50g Plut
645;Sahumerio Ritual gratitud SAGRADA MADRE
646;sahumerio Sagrada Madre palo santo con mirra
647;sahumerio Sagrada Madre palo santo con sandalo
648;Sahumerios 5 elementos alegria SAGRADA MADRE
649;Shampoo solido graso SENTIDA BOTANICA
650;Soja texturizada 350g DICOMERE
651;Bolsas brota x1 unidad
652;Chipa 300g MUNDO CHIPA
653;Citrato de Magnesio 100g KAWSAY
654;Desodorante (salvia,citrus) 130 cc WELEDA
655;Fideos organicos con Kale Dicomere
656;Hamburguesa lenteja Sangusto
657;Harina de almendras 100g plutarco
658;Jabon p/ropa (todos) 2Lts MAS + NATURAL
659;Jarabe antitusivo 100ml SUMA QAMA�A
660;Jugo Sonder Sunrise
661;kefir Tierra Florida ginger tonic 500ml
662;Fideos wakas Grabanzo
663;Jabon para la ropa Bio Lavados 1.5kg
664;Kombucha Bravia 473ml Uva
665;Menta 50g Plut
666;Pasta dental SUDANTA extra fresh 50g
667;Pochoclos organico con sal marina BAMBOO
668;Propoleo bebible fuerte Noble Apicultor 125 cc
669;Malva 50g Plut
670;mermelada ligh la tranquilina durazno 330g
671;Miel mollis 500g
672;Mostaza Arytza DIJON x 360g
673;Nachos MAIXANAS 95g guacamole
674;Paico 50g Plut
675;Pasta dental Gel Menta 90g MERAKI
676;Sahumerio ritual tranquilidad SAGRADA MADRE
677;Sahumerio Satya musk Ayurveda Incense
678;Queso Cremoso 500g Felices Las Vacas
679;Mostaza Arytza CLASICA x 360g
680;Mostaza Arytza MIEL x 360g
681;Mostaza semillas 50g Plut
682;Ortiga 50g Plut
683;Pancake avena Bygiro clasico 460g
684;Pasta de aceitunas negras 235 gr El Renuevo
685;Te verde 50g Plut
686;Vino picum malbec 750ml
687;Queso Mozzarella 500g Felices Las Vacas
688;Rebozador de Arroz integral org 250g ORYZA sin sal
689;Sahumerio Satya patchouli Ayurveda Incense
690;Sahumerio Satya positive vibes Ayurveda Incense
691;Sopa instantanea de vegetales frasco x20 VILLAVERDE
692;Spirulina CHAD 40 grs
693;Te matcha Organikal 50 gr
694;Tintura madre Diente de Leon Pajaro Tigre
695;Vitabiosa Natural Prama
696;Vino organico Haarth
697;Yerba arapegua 500g con palo
698;Yerba ORGANICA TAIHANG 500 gr
699;Aceite oliva organico Maelca 2 lt
700;Agua de Mar 1lt VITALMAR
701;Balsamo Vainilla y miel Pajaro Tigre 30g
702;Bombita x4 destrabar SAGRADA MADRE
703;aceite de coco neutro Bioterra 360ml
704;Aceite de girasol Campo Claro 500 cc
705;Aceite lino Solazteca 150 cc
706;Amaranto 250gr Plutarco
707;BALSAMO LABIAL NARANJA BERGAMOTA BOTIK
708;Barrita vitalgy cacao 40g
709;desodorante Botanika ROSA MOSQUETA Y PALTA 60gr
710;Desodorante Roll on calendula BOTANIKA 60ml
711;Aceite de Girasol Estancia el cencerro 500ml
712;Agua de fruta Sonder 500ml
713;Arroz basmati 1 kg Plutarco
714;BALSAMO LABIAL LAVANDA LEMONGRASS BOTIK
715;Cerveza artesanal Rabieta witbier x473ml
716;espatula de madera
717;Esponja WHOLE GREEN konjac roja
718;Hamburguesa Burganas Tienda Veggie zanahoria
719;Hamburguesa quinoa Sangusto
720;Aceite de coco neutro 180ml SUMA QAMA�A
721;Aceite de Oregano BIORE 30ml
722;Arcilla verde extra suave 125 gr BIOTERRA
723;Avena instantanea 350g DICOMERE
724;Bombita defumacion yagra SAGRADA MADRE
725;fideos qui noa catamarca penne rigate quinoa 500g
726;Harina paraguaya 500g Plut
727;Hipericon 50g Plut
728;Jugo Pura Frutta Multifruta 250ml
729;Hamburguesas Annapurna garbanzo
730;Jarabe de propoleo al 10% 30ml ARTESANAL
731;Kefir 1Lt Ginger Tonic
732;Kombucha Booch pomelo 354ml
733;Chocolate Colonial 60% ORGANICO negro 16grs
734;Chocolate Dr. Cacao 80%
735;Desodorante Roll on aloe vera y arnica BOTANIKA 60ml
736;Limonada SONDER 500ml
737;Maca Kallpa x 100g
738;Manicol 50 gr PACHAMANI cafe del monj
739;Melena de leon Tintura madre 100ml MYCELLIUM
740;Mermeladas NUESTRAS MANOS frutilla
741;Protector solar Fleur de la vie
742;Queso Fynbo  x unidad 350g La Choza ya fraccionado
743;Queso Gouda SANTO PADRE x 300 gr aprox. 1 unidad
744;Queso Sardo fraccionado x 500grs La Choza
745;Sahumerio ritual luna SAGRADA MADRE
746;Sahumerio Satya lemon grass Ayurveda Incense
747;Cracker Tomate Crudencio
748;Curcuma raiz 50grs
749;Dulce de leche Las Quinas 500 gr vidrio
750;Fideos (Chia) WAKAS
751;Tintura Madre Valeriana 100ml SUMA QAMA�A
752;Trompo chico
753;Vitabiosa naranja Prama
754;Yogurth bebible durazno 1LT La Choza (NO incluye el envase)
755;Yogurth griego 400g KAY
756;yogurth Quimya neutro coco 170g
757;Gel concentrado ALOE vera 98% 200ml BOTANIKA
758;Grasa butter beef tallow NUTRIRTE
759;hamburguesas Nutree quinoa espinaca
760;Jabon para la ropa Bio Lavados 750g aprox
761;Kimchi morado Alcaraz Recetas de Entonces
762;Lavanda 50g Plut
763;Mayonesa ahumada Arytza x 360g
764;Mayonesa Arytza x 360g
765;Pasta dental SUDANTA blanqueadora 100g
766;Pimienta blanca en grano 50g Plut
767;Mantequilla de mani Beepure 400g
768;mayonesa MayoV con ajo
769;Nachos MAIXANAS 95g hummus
770;Pancake avena Bygiro banana 460g
771;Pancake avena Bygiro coco 460g
772;Rawmesan vegano x150grs NATURAL SEED
773;sahumerio Sagrada Madre palo santo con jazmin
774;sahumerio Sagrada Madre palo santo con violetas
775;Pimienta de Cayena 50g Plut
776;Polen de abejas SECO 50 gr Suma Qama�a
777;Sahumerio ritual amor SAGRADA MADRE
778;Sahumerio ritual purificacion SAGRADA MADRE
779;Sen hojas 50g Plut
780;Stevia Trever x100ml
781;Mix semillas de quinoa 250g YIN YANG
782;Tofu grill 200g SOYANA barbacoa
783;Vitabiosa frutilla Prama
784;Vitamina C 50 capsulas NATIER
785;YERBA Anna Park 500 gr
786;Yerba meona arenaria 50g Plut
787;Yogur ENTERO c/durazno BEAUDROIT
788;Queso crema LA CHOZA 350g
789;Sahumerio  Ritual energia sagrada madre
790;Sahumerio Botanico nardo SAGRADA MADRE
791;Sahumerio Botanico SAGRADA MADRE
792;sahumerio sagrada madre Palo santo
793;Sahumerios 5 elementos armonia SAGRADA MADRE
794;Salvia blanca 50g Plut
795;Soja texturizada Schatzi 200g
796;Sorrentinos veganos Yamani zapallo
797;Spirulina importada 50grs SUMA QAMA�A
798;Tintura madre Hinojo 100ml SUMA QAMA�A
799;Trigo Serraceno pelado 1Kg semillas gauchas
800;Yogurth griego 170g KAY
801;Vino organico ENVIDIA alesketini
802;Yerba Roapipo suave 1kg
803;Yogur ENTERO c/frutos rojos BEAUDROIT
804;Aceite de Coco prensado en frio spray 190ml CHI GRAAL
805;Aceite Girasol alto oleico Naturaleza Viva 1lt 
806;Acido abscorbico vitamina c 100g KAWSAY
807;Arroz Basmati Fernanda Importado x 1 kg
808;Ashwagandha tintura madre 100ml MYCELLIUM
809;Azucar de ca�a organica Brotes 600g
810;Balsamo arnica Pajaro Tigre 20g
811;Balsamo labial menta 10 gr  BIOTERRA
812;balsamo Oms avena y keratina 300ml
813;Bicarbonato de sodio 100g DICOMERE
814;Bombita x4 abre caminos SAGRADA MADRE
815;Aceite de Oregano Artesanal Green Relief
816;Aceite esencial de limon 10 cc Pajaro Tigre
817;Aceite esencial de naranja 10 cc Pajaro Tigre
818;Aceitunas verdes 250G SAN NICOLAS
819;Aceto Maelca 500 cc
820;Agar agar 10g Algas Patagonicas
821;Agua de florida Murray y Lanman 70ml
822;Almadre pitachips jalape�o 170g
823;Almadre thins rawmesan y remolacha 200g
824;Aromatizante de ambientes 500cc
825;Arveja texturizada Dicomere STACC X 350grs
826;Balsamo calendula Pajaro Tigre 20g
827;Bombitas anti mosquitos TAO
828;Crema de manos Aloe y calendula BOTANIKA
829;Desodorante Roll on aloe vera y gengibre BOTANIKA 60ml
830;estigma de maiz 50g
831;Fideos fusilli 500g troncoso
832;Aceite lino Campo Claro 250 cc
833;alfajor celienergy avellanas negro
834;alfajor celienergy mani
835;Algas kombu tiras Argendiet 100 gr
836;Ban cha (te verde hojas y palito)
837;Bebida de Almendras chocolate 910ml GREEN FOOD MAKERS
838;Chipa 500g MUNDO CHIPA
839;Crackers SHIVA jalape�o x 100grs
840;Crunchis Pizza Crudencio
841;Desodorante Roll on aloe vera BOTANIKA 60ml
842;Empanadas Samosas (todas) x 2 SANGUSTO
843;Fecula de mandioca Dicomere 450grs
844;fideos troncoso 3 sabores conchiglioni 500g
845;Gauchitas papas fritas Pimienta 80g
846;Granola con cacao Crudencio
847;Aceite de coco neutro 1lt GOD BLESS YOU
848;Aceite de coco virgen 500g GOD BLESS YOU
849;Acondicionador cabello te�ido 350ml BOTANIKA
850;Ajo negro organico Oro Rubi 1 unidad
851;Almadre pitachips original 170g
852;BALSAMO LABIAL VAINILLA CANELA BOTIK
853;Cacao amargo Dicomere x200grs
854;fideos troncoso semola conchiglioni 500g
855;Gomasio 90g VILLAVERDE
856;Hamburguesas Nutree quinoa brocoli
857;Harina de coco 200 gr Dicomere
858;Harina de Quinoa DICOMERE 200g
859;Jabon esencial (jazmin) SENTIDA BOTANICA
860;Harina blanca 000 fuerza organica BROTES 500g
861;Hebras sabor Reggianito 200grs Felices las vacas
862;Jabon esencial (eucalipto) SENTIDA BOTANICA
863;Jugo Naranja Pura Frutta 1 lts
864;Leche de Almendras y Mani AMANDE
865;Coriandro semillas plut 50grs
866;Datilicious datiles con dulce de leche La Foret 80g
867;Desodorante de rosa mosqueta 130 cc WELEDA
868;Eneldo 50g Plutarco
869;eucaliptus mentolado 50g plut
870;Fenogreco 500g Plut
871;fideos lilen integral zanahoria 500g
872;fideos troncoso 3 sabores fusillone 500g
873;Kombucha Rosa Live kombu
874;
875;Pan rallado sin tacc 500g AMADDA
876;Pasta dental Gel Menta 50g MERAKI
877;Propoleo bebible x 120 cc Fransiscanos
878;Queso provolone x2 SANTO PADRE
879;Shampoo solido fortalecedor SENTIDA BOTANICA
880;Sorrentinos veganos Yamani girgolas
881;Tintura madre Cardo Mariano Pajaro Tigre
882;Tintura madre Carqueja Pajaro Tigre
883;Tintura madre Diente de Leon 100ml suma qama�a
884;Bombita x4 atrae dinero SAGRADA MADRE
885;Fecula de maiz 1kg PLUTARCO
886;fideos lilen integral tomate 500g
887;Trufa  de datiles The Food Alchimist
888;Vitamina b12 Natier 50 capsulas
889;Yogur Deslactosado c/frutillas BEAUDROIT
890;fideos wakas garbanzo chia 250g
891;hamburguesas Nutree quinoa hongos
892;Harina de Algarroba 200g DICOMERE
893;Harina de Quinoa agroecologica EPICOS 400g
894;Higos Negros 100g Plutarco
895;Huevos Maple GALLINA FELIZ
896;Jabon de propoleo 90 gr Pajaro Tigre
897;kombucha madre para cultivo Prama
898;Galletas arroz Rodez
899;Garbanzos 1kg Plutarco
900;Hamburguesa yamani Sangusto
901;Harina integral centeno campo claro 1kg
902;Jabon esencial (calendula) SENTIDA BOTANICA
903;Jabon liquido para manos y cuerpo Mas Limpio 900cc
904;Kombucha (todas) BUNJI
905;Levadura Nutrileva virgen Calsa GRANDE 500 gr
906;Limpiador multiuso 500cc MAS + NATURAL
907;mayonesa MayoV zanahoria
908;Miel cruda 500grs Suma Qama�a
909;Peine de Bamb� para el cabello WHOLE GREEN
910;Leche de Almendras y Coco AMANDE
911;mayonesa MayoV remolacha
912;Miel mollis 1kg
913;Oro coloidal 100ml S650
914;Quinoa roja 250 grs SUMA QAMA�A
915;Sal rosada de monta�a gruesa QSAL
916;Salsa de tomate hecha mediterranea 500cc FINCA PARU
917;Shampoo jarilla 350ml BOTANIKA
918;Stevia molida O KAA HEE dulce misionera 50g
919;sweet chili picante pampa gourmet 310g
920;TE ayurvedico amor Mayadevi 40g
921;Te Heredia NOCHE DESCANSO
922;Sachet Bio plastico Jabon Fluido ECO Romero - Tea Tree 280ml BOTIK
923;Sahumerio Ritual mamifestar SAGRADA MADRE
924;Sal rosada de monta�a fina QSAL
925;Super bar naranja DIABLA 35g
926;Te rojo Camellia Sinensis BANCHA ban cha
927;Tintura madre de Moringa 100g SUMA QUAMA�A
928;mayonesa MayoV sriracha
929;Mermeladas NUESTRAS MANOS damazco
930;Mezcla purgante Prama
931;Molinillos INDO DELI (todos)
932;Pancake avena Bygiro  frutos rojos 420g
933;Pepinos Agridulces Cristo de los cerros
934;pimienta blanca polvo 50g plut
935;postrecitos y tortitas heladas Cashoo
936;te Inti Zen 8 BLENDS 15 saquitos
937;Tintura Madre Cola de Caballo 100ml SUMA QUAMA�A
938;Tintura Madre U�a de gato Pajaro Tigre 60ml
939;Umeboshi 200 gr
940;Vinagre Oh Yeah It�s Vegan 250ml
941;Vira vira 50g PLUT
942;Yogurth bebible durazno 500cm3 La Choza (NO incluye el envase)
943;Propoleo bebible fuerte Noble Apicultor 250 cc
944;Reishi tintura madre 100ml MYCELLIUM
945;Repelente de insectos 250cc MAS NATURAL
946;Repelente Repuesto Pajaro Tigre
947;sahumerio Sagrada Madre palo santo con vainilla
948;Sahumerios 5 elementos fuerza SAGRADA MADRE
949;Salvia officinalis 50g Plut
950;Semolin 500g Plutarco
951;Shampoo 250cc BIOTERRA
952;Shampoo cabellos secos 350ml BOTANIKA
953;Spirulina en comprimidos x 60 un de 500 mg cu Bogado
954;test
955;Tomillo 25g Plut
956;Tortilla integral organica GRUN
957;Trufa de datiles nueces The Food Alchimist
958;Vitamina C acido ascorbico 100g Veritasalud
959;Tintura madre Melisa 100ml SUMA QAMA�A
960;Tintura madre POLEN Y CORDYCEPS ARTESANAL
961;Toronjil (melisa) 50g Plut
962;Vino organico ESTABAMOS TOMANDO damajuana Alesketini
963;Aceite de Citronella 10ml SUMA QAMA�A llakipakuy
964;aceite de coco neutro Bioterra 800ml
965;Aceite de coco VALLE ORGANICO 660ml
966;Aceite esencial de arbol de te 10 cc Pajaro tigre tea tree
967;Acido malico Prama
968;Alga Nori sushi 6 hojas
969;Algas Nory molidas Argendiet 50 gr
970;Almadre thins sesamo y sal marina 200g
971;Arroz carnaroli 1 kg Plutarco
972;Arroz Integral g. largo TERRASANA 1KG
973;Artemisa 50g Plut
974;Avena fina Esquina las Flores x 250 gr
975;Balsamo descongestivo Pajaro Tigre 20g
976;Balsamo labial TODOS SENTIDA BOTANICA
977;Bomba carbon limpieza energetica SAGRADA MADRE
978;Aceite de coco spray MCT PREMIUM god bless you 125ml
979;Aceite sesamo Solazteca 250 cc
980;Acido Malico 50g Veritasalud
981;Agua de florida Murray y Lanman 270ml
982;Agua de rosas Sentida Botanica 60ml
983;Agua KO 500ml
984;Anis estrellado 25g Plut
985;Arcilla blanca caolin 160 gr (limpieza y exfoliante) BIOTERRA
986;Avena Arrollada gruesa Schatzi 300g
987;Azucar mascabo Esquina de las Flores 300g
988;Bolsas brota x2 unidades
989;Bombita mirra SAGRADA MADRE
990;Cacao en Polvo 130g DR. CACAO
991;cepillo de dientes bambu adultos  Sudanta
992;Citrato de magnesio 100gr VERITASALUD
993;Crema corporal todo tipo de piel SENTIDA BOTANICA madre
994;De la cava al living Vino Organico Alesketini
995;Desodorante Pajaro Tigre 60gr
996;Desodorante Roll on aloe vera y te BOTANIKA 60ml
997;Escudos de madera
998;Fideos CODITOS Wakas x 250 gr
999;Aceite de Arnica BOTANIKA 30ml
1000;Aceite de Cannabis 20ml Nanko CDB 10:1 20 ml
1001;Aceite esencial de citronela 10 cc Pajaro tigre
1002;Aceite esencial de lavanda 10 cc Pajaro Tigre
1003;Aceite puro de jojoba 100 cc BIOTERRA
1004;Aceites escenciales FLEUR DE LA VIE
1005;Alcachofa 50grs PLUTARCO
1006;Alfajor Toffe
1007;Anis 25g plut
1008;Anis verde 50g Plut
1009;barra de cereales muecas pasas y almendras
1010;barra zafran chocolate
1011;Barrita Brava clasica 45g
1012;Barrita Brava tropical 45g
1013;Cafe natural gourmet Brasil 12 kg
1014;Canela en Polvo 25g Plut
1015;Chia 1 kg Plutarco
1016;Chocolate Colonial 60% x 100grs
1017;Chocolate Colonial 80% ORGANICO negro 100grs
1018;Crema corporal extra loto y magn. SENTIDA BOTANICA
1019;crema de Cannabis Ananda 60 ml
1020;desodorante Botanika aloe vera y kale 60gr
1021;Empanada Empavardas x3 VARDO RE-EVOLUCION
1022;Farina de mandioca 1KG Dicomere
1023;Fito shampoo suavizante 250 cc WELEDA
1024;Aceite chia Solazteca 250 cc
1025;Aceite de Jojoba org 30 ml
1026;Aceite de oliva 500ml La Riojana
1027;Acondicionador Solido NEUTRO 40gr BOTIK
1028;Algas kelp Prama
1029;Almadre thins integral 200g
1030;Amaranto 500gr Plutarco
1031;Atomizador de Propoleo Fuerte 30ml Noble Apicultor
1032;Avena gruesa 350g DICOMERE
1033;Avena gruesa Esquina las Flores x 250 gr
1034;Bomba carbon SAGRADA MADRE
1035;Brownie con Nueces Mas Brownie
1036;Furikake prama
1037;galletitas zafran avena coco y lino
1038;Hamburguesas Annapurna yamani
1039;Hamburguesas Sangusto
1040;Harina de Avena 1kg Plutarco
1041;Harina de coca 25gr plut
1042;Hoja de Coca 25grs SUMA QAMA�A
1043;JABON VEGETAL LAVANDA LEMONGRASS X 85G BOTIK
1044;Jugo Pura Frutta de manzana Kissabel 1lt
1045;Jugo Sonder Green tree
1046;Ketchup ahumado ARYTZA
1047;Harina de almendras 500g plutarco
1048;Harina de trigo org 1 kg La Pachita
1049;Hoja de Coca 30grs SUMA QAMA�A
1050;Jabon calendula manzanilla y melisa 100gr BIOTERRA
1051;JABON VEGETAL NEUTRO JOJOBA X85G BOTIK
1052;Jugo Pura Frutta manzana y Frutilla 1lt
1053;Leche de almenras c/vainilla TRATENFU
1054;Maca Original Kallpa x 500 gr
1055;Maiz pisingallo 500g Plutarco
1056;maiz pisingallo Esquina las flores 500g
1057;Carbon defumador ARTESANAL Neutro (unidad) SAGRADA MADRE
1058;Cardo santo 50g Plut
1059;Carqueja x 250g
1060;Crema fluida de limpieza 200 ml OMS
1061;Crema humectante Aloe Vera 150 grs JUAL
1062;Crocopram de Banana PRAMA
1063;Cuassia amarga 50g Plut
1064;damiana 50g plut
1065;Desodorante Roll on acai BOTANIKA 60ml
1066;Falafel OTRO VIAJE
1067;Fecula de papa Dicomere
1068;Fideo troncosso 500g fusilli
1069;Magnesio 50 Capsulas NATIER
1070;Mermeladas NUESTRAS MANOS Ciruela 400g
1071;miel las quinas cremosa organica 500g
1072;mijo pelado YIn Yang 500g
1073;Protector solar AL BOSQUE
1074;SACHET BIO PLASTICO ECO ACONDICIONADOR NEUTRO EXTRA SUAVE 280ML BOTIK
1075;Sahumerio artesano equilibrio emocional Sagrada madre
1076;sahumerio Sagrada Madre palo santo con copal
1077;Santa mandioca chipa vegano batata 250g
1078;Sen x 250g
1079;Shampoo 500cc BIOTERRA
1080;Shampoo solido seco SENTIDA BOTANICA
1081;Stevia jual BEST 110ml
1082;Talco rosas romero 80 gr BIOTERRA
1083;Te Heredia Manzanilla
1084;Te Heredia MONOHIERBAS SURTIDO
1085;Te Heredia Sedan
1086;Te heredia Surtido Bienestar
1087;Tintura madre Llanten Pajaro Tigre
1088;Bombita x4 amor SAGRADA MADRE
1089;Bombita x4 fortuna SAGRADA MADRE
1090;Bombita x4 limpieza energetica SAGRADA MADRE
1091;Bombitas siete chacras SAGRADA MADRE
1092;Cacao amargo en polvo 250grs SUMA QAMA�A
1093;Cafe de Mistol Leon del Poncho
1094;Carbon Activado 250g Veritasalud
1095;Chocolate Dr. Cacao 70% Con azucar
1096;Ciruelas 100g
1097;Ciruelas 1Kg
1098;Citrato de magnesio SALUTIS
1099;Curry suave 100g Plut
1100;dulce de leche las quinas libre de gluten sin azucar  450g
1101;DURAZNO 100g PLUTARCO
1102;Fideos de Arroz Nodles Whole Grain mama
1103;fideos lilen integral mijo germen de trigo 500g
1104;Tintura madre propoleo 30ml Pajaro Tigre
1105;Yerba Arapegua canchada x 500g
1106;Yogur quimya Chocolate 170grs
1107;yogurth Quimya vainilla 170g
1108;yogurth shogurt Felices Las Vacas vainilla 170g
1109;Yogurth Vegano COCO IOGO CRUDDA  160 GR FRUTOS DEL BOSQUE
1110;Fideos Wakas fisulini Quinoa
1111;Frutas congelados Mix 3 berries 300grs Karinat
1112;Granola Quinola Urban Farm Arandanos
1113;Granola Quinola Urban Farm Choco Coco
1114;Harina de Coco org 500g PLUTARCO
1115;Harina Psyllium husk 100 g Dicomere
1116;Helado de Acai guarana250ml
1117;Jabon XL FLEUR DE LA VIE
1118;Jabonera de madera grande
1119;kumel 50g PLUT
1120;Fito shampoo reparador 250 cc WELEDA
1121;Frutilla congelada 500g BIOMAC
1122;Galletas de avena Delicius tremens
1123;Garbanzo texturizado 350g DICOMERE
1124;Gualeguay 50g Plutarco
1125;hamburguesa Green Kitchen calabaza y cebolla
1126;Hamburguesas Nutree quinoa lenteja
1127;Harina de almendras s/piel 1kg plutarco
1128;Harina de Arroz x 1KG Dicomere
1129;Harina de Trigo sarraceno organico 485grs DICOMERE
1130;Harina Maiz Blanco parepas 1kg EL COSACO
1131;Higos Negros Agroecologicos 250g SUMA QAMA�A
1132;Jalape�o rojo 180ml RECETAS DE ENTONCES
1133;Jarilla x 250g
1134;Jugo Manzana org Pura Frutta 1lt
1135;Leche de Almendra Chocolate VDRINK
1136;locion Expectorante Pajaro Tigre
1137;Mayonesa Arytza ajo x 360g
1138;Melena de leon en polvo 100g MYCELLIUM
1139;Mermeladas (TODAS) FINCA PARU
1140;Miel CAMPO CLARO 500g
1141;Miel cremosa 900g Beepure
1142;miel de abeja amuyen 500g
1143;Nibs de cacao 50g suma qama�a
1144;Pancake avena Bygiro  cacao y chocolate   420g
1145;Pasta dental Natural menta SENTIDA BOTANICA
1146;Pasta dental Weleda calendula 75ml
1147;Premenzcla pan sin tacc DICOMERE
1148;Kummel 50g Plut
1149;Limpia vidrios Bio Jabones
1150;Mermelada Arandanos LAS BRISAS
1151;mermelada ligh la tranquilina frutila 330g
1152;mermelada ligh la tranquilina naranja 330g
1153;Milanesa de muslo c/ajo COECO
1154;Pancakes banana veg y veggie
1155;queso parmesano SANTO PADRE
1156;Rebozador de Arroz integral org 250g ORYZA
1157;Rebozador sin tacc 500g AMADDA
1158;Sahumerio artesano abundancia Sagrada madre
1159;Sahumerio artesano limpieza y renovvacion Sagrada madre
1160;Sahumerio palo santo fresias sagrada madre
1161;sahumerio Sagrada Madre linea hiervas calendula mazanilla 9 varillas
1162;Sahumo grande 7 hierbas SAGRADA MAdRE
1163;Salsa Barbacoa 300grs PAMPA GOURMET
1164;Semilla entera de cacao 50g SUMA QAMA�A
1165;Shampoo coco 350ml BOTANIKA
1166;Solucion de Propoleo PRAMA
1167;Sorrentinos veganos Yamani brocoli
1168;TE ayurvedico cacao Mayadevi 40g
1169;pasta dental sudanta Sri Sri canela 200g
1170;Pasta dental Weleda salina 75ml
1171;Pepinos agridulces 330g FINCA PARU
1172;Pepinos Agridulces Cristo de los cerros 300g
1173;Piedra de Alumbre desodorante LAIMA
1174;pimienta blanca en grano 50g
1175;Pimienta blanca en polvo 50g Plut
1176;Polvo de hornear 250 gr Dicomere
1177;Premezcla universal sin tacc DICOMERE
1178;Sachet Jabon Fluido ECO Sin Sulfatos Neutro Hipoalergenico 280 ml BOTIK
1179;shampoo Oms ortiga y romero 300ml
1180;Shampoo solido CUASIA Piel de Caramelo
1181;Shampoo Uso Diario 350ml Botanika
1182;te Heredia verde
1183;Milanesa espinaca 180g NUTREE
1184;Not Burger PARRILLERA X 2un notco
1185;Oleo jarilla y arnica FLEUR DE LA VIE
1186;Panera Tabla miguera  de madera para cortar pan
1187;Pasta dentifrica 75 cc (menta) BIOTERRA
1188;Poroto aduki 1 kg Plutarco
1189;Te Heredia rojo
1190;te Inti Zen inti grey 15 saquitos
1191;Tintrura madre u�a de gato SUMA QAMA�A
1192;Tintura madre AMBAY 100ml SUMA QAMA�A
1193;Tintura Madre arnica Pajaro Tigre 60ml
1194;Vino organico familia cecchin cyrah 750ml
1195;Vino organico familia cecchin Malbec Roble
1196;Vitamina b12 bebible Natier 250cc 
1197;Vitamina C acido abscorbico SALUTIS VITAE
1198;Yogur Descremado c/frutillas rojos BEAUDROIT
1199;Yogur Descremado c/frutos rojos BEAUDROIT
1200;Yogurth griego 750g KAY
1201;Yogurth Vegano IOGO CRUDDA
1202;Zapallos en Almibar FINCA PARU
1203;Protector solar SOMOS SEMILLA
1204;Queso Cheddar Fetas Felices Las Vacas
1205;Quinoa Blanca 250g TERRASANA
1206;Repelente herbal en spray 100ml Pajaro Tigre
1207;Risoni De alubia y espinaca WAKAS
1208;Sahumerios 5 elementos renacer SAGRADA MADRE
1209;Sahumo grande copal SAGRADA MAdRE
1210;Sal marina yodada entrefina especias 8y1 250g LIBERATO
1211;Salsa Ketchup con chile picante 285grs PAMPA GOURMET
1212;Te Heredia Herby DIGESTIVO
1213;Te Heredia MEDITACION
1214;Te verde matcha micronizado
1215;Tintura Madre Melisa Pajaro Tigre
1216;tintura madre pasionaria Pajaro Tigre 60ml
1217;troncoso fideos 500g 2
1218;Vino organico CERO syrah Alesketini
1219;Yerba de piedra 50g Plut
1220;yogurth shogurt Felices Las Vacas frutilla 170g
1221;Yogurth Vegano COCO IOGO CRUDDA  160 GR DURAZNO
1222;Tintura madre Diente de Leon 100ml suma qama�a7
1223;Tortilla tradicional GRUN
1224;Vinagre Uva torrontes Maelca 500 cc
1225;vino familia cecchin rosado malbec 750ml
1226;Wasabi en polvo Argendiet 5g
1227;Xilitol Doypack x 150grs NUEVOS ALIMENTOS endulzante natural
1228;yogurth Quimya arandanos 170g
1229;Mix Frutos Secos 100grs
1230;Nueces 100grs
1231;Almendras 100grs
1232;Datiles Medjool importados 100grs
1233;Granola 100grs
1234;Cacao amargo en polvo 100g PLUTARCO
1235;Chips chocolate 200g Plut
1236;6 EMPANADAS de queso Veganas Congeladas VARDO RE EVOLUCION
;6 EMPANADAS Veganas Congeladas DAFNE
;8 EMPANADAS Veganas Congeladas VARDO RE EVOLUCION
;Hamburguesas Funger
;TOQUES GARBANZOS CASA VEGANA x420g
